<?xml version = '1.0' encoding = 'UTF-8'?>
<Entity class="oracle.dbtools.crest.model.design.logical.Entity" directorySegmentName="seg_0" id="18769CF3-C466-A3B0-D6B2-117C37DD35AC" name="T_RHSTU_CONSULTA">
<createdBy>logonpflocal</createdBy>
<createdTime>2023-04-25 23:00:31 UTC</createdTime>
<ownerDesignName>Projeto_RHSTU_v3_Gabarito</ownerDesignName>
<engineerTo>
<item key="BD52EFD7-AD57-1D29-FBCE-37428351E3D1" value="true"/>
</engineerTo>
<adequatelyNormalized>NO</adequatelyNormalized>
<expectedVolumes>0</expectedVolumes>
<fwdEngineeringStrategyName>Single Table</fwdEngineeringStrategyName>
<growthPercent>0</growthPercent>
<growthType>Year</growthType>
<maxVolumes>9999999</maxVolumes>
<minVolumes>0</minVolumes>
<normalForm>Third</normalForm>
<attributes itemClass="oracle.dbtools.crest.model.design.logical.Attribute">
<Attribute name="ID_CONSULTA" id="FA07755F-9EBA-38A2-D4D8-C2D2AF12498F">
<createdBy>logonpflocal</createdBy>
<createdTime>2023-04-25 23:00:42 UTC</createdTime>
<comment><![CDATA[Esse atributo é a chave unica de meu projeto. Será gerado sequencialmente e automaticamente pela minha aplicação.]]></comment>
<commentInRDBMS><![CDATA[Esse atributo é a chave unica de meu projeto. Será gerado sequencialmente e automaticamente pela minha aplicação.]]></commentInRDBMS>
<ownerDesignName>Projeto_RHSTU_v3_Gabarito</ownerDesignName>
<engineerTo>
<item key="BD52EFD7-AD57-1D29-FBCE-37428351E3D1" value="true"/>
</engineerTo>
<useDomainConstraints>false</useDomainConstraints>
<use>1</use>
<logicalDatatype>LOGDT019</logicalDatatype>
<dataTypePrecision>10</dataTypePrecision>
<ownDataTypeParameters>,10,</ownDataTypeParameters>
</Attribute>
<Attribute name="ID_UNID_HOSPITAL" id="BE818A12-3B42-9558-9C2B-27191253F529">
<createdBy>logonpflocal</createdBy>
<createdTime>2023-04-25 23:09:49 UTC</createdTime>
<comment><![CDATA[Esse atributo irá receber a chave primária da Unidade Hospitalar. Esse número é sequencia e gerado automaticamente pelo sistema. Seu conteúdo é obrigatório.]]></comment>
<generatorID>35FB7FDE-E354-D97E-FC8D-F605DDC19E68</generatorID>
<ownerDesignName>Projeto_RHSTU_v3_Gabarito</ownerDesignName>
<engineerTo>
<item key="BD52EFD7-AD57-1D29-FBCE-37428351E3D1" value="true"/>
</engineerTo>
<referedAttribute>F7467800-BF8E-8611-4AA6-8FCD64B848E7</referedAttribute>
<useDomainConstraints>false</useDomainConstraints>
<use>1</use>
<logicalDatatype>LOGDT019</logicalDatatype>
<dataTypePrecision>9</dataTypePrecision>
<ownDataTypeParameters>,,</ownDataTypeParameters>
</Attribute>
<Attribute name="NM_LOCALIZACAO_SALA" id="5B34AF66-22DC-052B-5D61-78F972C05054">
<createdBy>logonpflocal</createdBy>
<createdTime>2023-04-25 23:21:57 UTC</createdTime>
<ownerDesignName>Projeto_RHSTU_v3_Gabarito</ownerDesignName>
<engineerTo>
<item key="BD52EFD7-AD57-1D29-FBCE-37428351E3D1" value="true"/>
</engineerTo>
<nullsAllowed>true</nullsAllowed>
<useDomainConstraints>false</useDomainConstraints>
<use>1</use>
<logicalDatatype>LOGDT024</logicalDatatype>
<dataTypeSize>10</dataTypeSize>
<ownDataTypeParameters>10,,</ownDataTypeParameters>
</Attribute>
<Attribute name="ID_MEDICO" id="379DB191-B15F-1DCB-A3AA-45FEB88C08E4">
<createdBy>logonpflocal</createdBy>
<createdTime>2023-04-25 23:09:49 UTC</createdTime>
<comment><![CDATA[Esse atributo irá receber a chave primária do medico.. Esse número é sequencial e gerado automaticamente pelo sistema. Seu conteúdo é obrigatório.]]></comment>
<generatorID>35FB7FDE-E354-D97E-FC8D-F605DDC19E68</generatorID>
<ownerDesignName>Projeto_RHSTU_v3_Gabarito</ownerDesignName>
<engineerTo>
<item key="BD52EFD7-AD57-1D29-FBCE-37428351E3D1" value="true"/>
</engineerTo>
<referedAttribute>7121B287-C31E-F9DE-49B7-B274A1A444FD</referedAttribute>
<useDomainConstraints>false</useDomainConstraints>
<use>1</use>
<logicalDatatype>LOGDT019</logicalDatatype>
<dataTypePrecision>9</dataTypePrecision>
<ownDataTypeParameters>,,</ownDataTypeParameters>
</Attribute>
<Attribute name="ID_PACIENTE" id="FD2BACF7-D8AC-2EC1-AE04-967AC253A0AB">
<createdBy>logonpflocal</createdBy>
<createdTime>2023-04-25 23:07:35 UTC</createdTime>
<comment><![CDATA[Esse atributo irá receber a chave primária do paciente. Esse número é sequencial e gerado automaticamente pelo sistema. Seu conteúdo é obrigatório.]]></comment>
<generatorID>E3F54BF6-6525-6B71-2D08-F3FA424A03F1</generatorID>
<ownerDesignName>Projeto_RHSTU_v3_Gabarito</ownerDesignName>
<engineerTo>
<item key="BD52EFD7-AD57-1D29-FBCE-37428351E3D1" value="true"/>
</engineerTo>
<referedAttribute>15A097FF-A07C-398B-0F86-D42FFB66F5C7</referedAttribute>
<useDomainConstraints>false</useDomainConstraints>
<use>1</use>
<logicalDatatype>LOGDT019</logicalDatatype>
<dataTypePrecision>9</dataTypePrecision>
<ownDataTypeParameters>,,</ownDataTypeParameters>
</Attribute>
<Attribute name="DT_CONSULTA" id="D3EFE178-0C1F-3EF4-3DCE-26968D35DD7A">
<createdBy>logonpflocal</createdBy>
<createdTime>2023-04-25 23:01:22 UTC</createdTime>
<ownerDesignName>Projeto_RHSTU_v3_Gabarito</ownerDesignName>
<engineerTo>
<item key="BD52EFD7-AD57-1D29-FBCE-37428351E3D1" value="true"/>
</engineerTo>
<useDomainConstraints>false</useDomainConstraints>
<use>1</use>
<logicalDatatype>LOGDT007</logicalDatatype>
<ownDataTypeParameters>,,</ownDataTypeParameters>
</Attribute>
<Attribute name="VL_TOTAL_CONSULTA" id="5191E149-8A79-391E-10D1-BA5B168F6765">
<createdBy>logonpflocal</createdBy>
<createdTime>2023-04-25 23:34:43 UTC</createdTime>
<ownerDesignName>Projeto_RHSTU_v3_Gabarito</ownerDesignName>
<engineerTo>
<item key="BD52EFD7-AD57-1D29-FBCE-37428351E3D1" value="true"/>
</engineerTo>
<nullsAllowed>true</nullsAllowed>
<useDomainConstraints>false</useDomainConstraints>
<use>1</use>
<logicalDatatype>LOGDT019</logicalDatatype>
<dataTypePrecision>8</dataTypePrecision>
<dataTypeScale>2</dataTypeScale>
<ownDataTypeParameters>,8,2</ownDataTypeParameters>
</Attribute>
<Attribute name="ST_CONSULTA" id="DA1DF88A-E4EF-D575-B2C0-2133E4CE2764">
<createdBy>logonpflocal</createdBy>
<createdTime>2023-04-25 23:01:49 UTC</createdTime>
<comment><![CDATA[Esse atributo irá informar o status da consulta. Possiveis status: (A)tendimento;  (C)oncluído; (I)nativo; (R)eserva.]]></comment>
<commentInRDBMS><![CDATA[Esse atributo irá informar o status da consulta. Possiveis status: (A)tendimento;  (C)oncluído; (I)nativo; (R)eserva.]]></commentInRDBMS>
<ownerDesignName>Projeto_RHSTU_v3_Gabarito</ownerDesignName>
<engineerTo>
<item key="BD52EFD7-AD57-1D29-FBCE-37428351E3D1" value="true"/>
</engineerTo>
<useDomainConstraints>false</useDomainConstraints>
<use>1</use>
<logicalDatatype>LOGDT025</logicalDatatype>
<dataTypeSize>1</dataTypeSize>
<listOfValues>
<valueDef value="A" description="Atendimento ao paciente"/>
<valueDef value="C" description="Concluída com sucesso a consulta."/>
<valueDef value="I" description="Inativo"/>
<valueDef value="R" description="Reserva da consulta para o paciente"/>
</listOfValues>
<ownDataTypeParameters>1,,</ownDataTypeParameters>
</Attribute>
</attributes>
<identifiers itemClass="oracle.dbtools.crest.model.design.logical.CandidateKey">
<identifier id="133B5C8A-AAF5-44C2-7D43-ED6C36112A55" name="T_RHSTU_CONSULTA PK">
<createdBy>logonpflocal</createdBy>
<createdTime>2023-04-25 23:01:38 UTC</createdTime>
<ownerDesignName>Projeto_RHSTU_v3_Gabarito</ownerDesignName>
<engineerTo>
<item key="BD52EFD7-AD57-1D29-FBCE-37428351E3D1" value="true"/>
</engineerTo>
<pk>true</pk>
<usedAttributes>
<attributeRef>FA07755F-9EBA-38A2-D4D8-C2D2AF12498F</attributeRef>
</usedAttributes>
</identifier>
</identifiers>
</Entity>