<?xml version = '1.0' encoding = 'UTF-8'?>
<Entity class="oracle.dbtools.crest.model.design.logical.Entity" directorySegmentName="seg_0" id="18C3E9F2-CCE6-3957-A2DC-B29E7258B98C" name="T_RHSTU_UNID_HOSP_MEDICO">
<createdBy>logonpflocal</createdBy>
<createdTime>2023-04-25 22:52:13 UTC</createdTime>
<ownerDesignName>Projeto_RHSTU_v3_Gabarito</ownerDesignName>
<engineerTo>
<item key="BD52EFD7-AD57-1D29-FBCE-37428351E3D1" value="true"/>
</engineerTo>
<adequatelyNormalized>NO</adequatelyNormalized>
<expectedVolumes>0</expectedVolumes>
<fwdEngineeringStrategyName>Single Table</fwdEngineeringStrategyName>
<growthPercent>0</growthPercent>
<growthType>Year</growthType>
<maxVolumes>9999999</maxVolumes>
<minVolumes>0</minVolumes>
<normalForm>Third</normalForm>
<attributes itemClass="oracle.dbtools.crest.model.design.logical.Attribute">
<Attribute name="ID_UNID_HOSPITAL" id="F7467800-BF8E-8611-4AA6-8FCD64B848E7">
<createdBy>logonpflocal</createdBy>
<createdTime>2023-04-25 22:57:17 UTC</createdTime>
<comment><![CDATA[Esse atributo irá receber a chave primária da Unidade Hospitalar. Esse número é sequencia e gerado automaticamente pelo sistema. Seu conteúdo é obrigatório.]]></comment>
<generatorID>99407896-E6CC-4E96-B839-74A2084EF30F</generatorID>
<ownerDesignName>Projeto_RHSTU_v3_Gabarito</ownerDesignName>
<engineerTo>
<item key="BD52EFD7-AD57-1D29-FBCE-37428351E3D1" value="true"/>
</engineerTo>
<referedAttribute>C3796F42-602F-5AE2-4BB7-9B2AE3D1F6B4</referedAttribute>
<useDomainConstraints>false</useDomainConstraints>
<use>1</use>
<logicalDatatype>LOGDT019</logicalDatatype>
<dataTypePrecision>9</dataTypePrecision>
<ownDataTypeParameters>,,</ownDataTypeParameters>
</Attribute>
<Attribute name="ID_MEDICO" id="7121B287-C31E-F9DE-49B7-B274A1A444FD">
<createdBy>logonpflocal</createdBy>
<createdTime>2023-04-25 22:56:31 UTC</createdTime>
<comment><![CDATA[Esse atributo irá receber a chave primária do medico.. Esse número é sequencial e gerado automaticamente pelo sistema. Seu conteúdo é obrigatório.]]></comment>
<generatorID>8785455A-8AA1-E96C-081D-C957EC100EDE</generatorID>
<ownerDesignName>Projeto_RHSTU_v3_Gabarito</ownerDesignName>
<engineerTo>
<item key="BD52EFD7-AD57-1D29-FBCE-37428351E3D1" value="true"/>
</engineerTo>
<referedAttribute>0A5A3C78-B94F-FBA1-05B0-1CC8946FBFCD</referedAttribute>
<useDomainConstraints>false</useDomainConstraints>
<use>1</use>
<logicalDatatype>LOGDT019</logicalDatatype>
<dataTypePrecision>9</dataTypePrecision>
<ownDataTypeParameters>,,</ownDataTypeParameters>
</Attribute>
<Attribute name="NM_MEDICO" id="5543FB23-D779-AD13-C140-CBE31A162A92">
<createdBy>logonpflocal</createdBy>
<createdTime>2023-04-25 22:52:13 UTC</createdTime>
<comment><![CDATA[Esse atributo irá receber o nome completo do medico.  Seu conteúdo é obrigatório.]]></comment>
<commentInRDBMS><![CDATA[Esse atributo irá receber o nome completo do medico.  Seu conteúdo é obrigatório.]]></commentInRDBMS>
<ownerDesignName>Projeto_RHSTU_v3_Gabarito</ownerDesignName>
<engineerTo>
<item key="BD52EFD7-AD57-1D29-FBCE-37428351E3D1" value="true"/>
</engineerTo>
<useDomainConstraints>false</useDomainConstraints>
<use>1</use>
<logicalDatatype>LOGDT024</logicalDatatype>
<dataTypeSize>80</dataTypeSize>
<ownDataTypeParameters>80,,</ownDataTypeParameters>
</Attribute>
<Attribute name="DT_INICIO" id="48AFFDBB-8C05-F939-816F-863CF6BA163E">
<createdBy>logonpflocal</createdBy>
<createdTime>2023-04-25 22:52:13 UTC</createdTime>
<ownerDesignName>Projeto_RHSTU_v3_Gabarito</ownerDesignName>
<engineerTo>
<item key="BD52EFD7-AD57-1D29-FBCE-37428351E3D1" value="true"/>
</engineerTo>
<useDomainConstraints>false</useDomainConstraints>
<use>1</use>
<logicalDatatype>LOGDT007</logicalDatatype>
<ownDataTypeParameters>,,</ownDataTypeParameters>
</Attribute>
<Attribute name="DT_FIM" id="415624FB-D8B5-9584-091F-B4E76AD9AA36">
<createdBy>logonpflocal</createdBy>
<createdTime>2023-04-25 22:52:13 UTC</createdTime>
<ownerDesignName>Projeto_RHSTU_v3_Gabarito</ownerDesignName>
<engineerTo>
<item key="BD52EFD7-AD57-1D29-FBCE-37428351E3D1" value="true"/>
</engineerTo>
<nullsAllowed>true</nullsAllowed>
<useDomainConstraints>false</useDomainConstraints>
<use>1</use>
<logicalDatatype>LOGDT007</logicalDatatype>
<ownDataTypeParameters>,,</ownDataTypeParameters>
</Attribute>
<Attribute name="VL_SALARIO" id="E1A240C4-D21F-87BD-889D-E63F8D8994BB">
<createdBy>logonpflocal</createdBy>
<createdTime>2023-04-25 22:52:13 UTC</createdTime>
<comment><![CDATA[Esse atributo refere-se ao numero do CRM do Médico. Seu conteúdo é obrigatório.]]></comment>
<commentInRDBMS><![CDATA[Esse atributo refere-se ao salario do médico.]]></commentInRDBMS>
<ownerDesignName>Projeto_RHSTU_v3_Gabarito</ownerDesignName>
<engineerTo>
<item key="BD52EFD7-AD57-1D29-FBCE-37428351E3D1" value="true"/>
</engineerTo>
<nullsAllowed>true</nullsAllowed>
<useDomainConstraints>false</useDomainConstraints>
<use>1</use>
<logicalDatatype>LOGDT019</logicalDatatype>
<dataTypePrecision>9</dataTypePrecision>
<dataTypeScale>2</dataTypeScale>
<ownDataTypeParameters>,9,2</ownDataTypeParameters>
</Attribute>
<Attribute name="ST_MEDICO" id="38D3C2D4-634E-3704-F1C8-9EC0AE76BDE1">
<createdBy>logonpflocal</createdBy>
<createdTime>2023-04-25 22:52:13 UTC</createdTime>
<comment><![CDATA[Aqui sabemos se o médico está ativo ou inativo. Os possíveis valores são: (A)tivou ou (I)nativo.]]></comment>
<commentInRDBMS><![CDATA[Aqui sabemos se o médico está ativo ou inativo. Os possíveis valores são: (A)tivou ou (I)nativo.]]></commentInRDBMS>
<ownerDesignName>Projeto_RHSTU_v3_Gabarito</ownerDesignName>
<engineerTo>
<item key="BD52EFD7-AD57-1D29-FBCE-37428351E3D1" value="true"/>
</engineerTo>
<useDomainConstraints>false</useDomainConstraints>
<use>1</use>
<logicalDatatype>LOGDT025</logicalDatatype>
<dataTypeSize>1</dataTypeSize>
<listOfValues>
<valueDef value="A" description="Ativo e operante"/>
<valueDef value="I" description="Inativo"/>
</listOfValues>
<ownDataTypeParameters>1,,</ownDataTypeParameters>
</Attribute>
</attributes>
<identifiers itemClass="oracle.dbtools.crest.model.design.logical.CandidateKey">
<identifier id="C9383562-2482-D1CA-D657-8C42E5ADB461" name="PK_RHSTU_PACIENTE">
<createdBy>logonpflocal</createdBy>
<createdTime>2023-04-25 22:52:13 UTC</createdTime>
<ownerDesignName>Projeto_RHSTU_v3_Gabarito</ownerDesignName>
<engineerTo>
<item key="BD52EFD7-AD57-1D29-FBCE-37428351E3D1" value="true"/>
</engineerTo>
<pk>true</pk>
<usedAttributes>
<attributeRef>7121B287-C31E-F9DE-49B7-B274A1A444FD</attributeRef>
<attributeRef>F7467800-BF8E-8611-4AA6-8FCD64B848E7</attributeRef>
</usedAttributes>
</identifier>
</identifiers>
</Entity>