<?xml version = '1.0' encoding = 'UTF-8'?>
<Entity class="oracle.dbtools.crest.model.design.logical.Entity" directorySegmentName="seg_0" id="3A3A2170-F4E0-B495-5FE5-7434D99D7F9C" name="T_RHSTU_CONSULTA_FORMA_PAGTO">
<createdBy>logonpflocal</createdBy>
<createdTime>2023-04-25 23:29:27 UTC</createdTime>
<ownerDesignName>Projeto_RHSTU_v3_Gabarito</ownerDesignName>
<engineerTo>
<item key="BD52EFD7-AD57-1D29-FBCE-37428351E3D1" value="true"/>
</engineerTo>
<adequatelyNormalized>NO</adequatelyNormalized>
<expectedVolumes>0</expectedVolumes>
<fwdEngineeringStrategyName>Single Table</fwdEngineeringStrategyName>
<growthPercent>0</growthPercent>
<growthType>Year</growthType>
<maxVolumes>9999999</maxVolumes>
<minVolumes>0</minVolumes>
<normalForm>Third</normalForm>
<attributes itemClass="oracle.dbtools.crest.model.design.logical.Attribute">
<Attribute name="ID_CONSULTA_FORMA_PAGTO" id="D3217DF0-13E3-D3D0-4C9D-B42F19826BC3">
<createdBy>logonpflocal</createdBy>
<createdTime>2023-04-25 23:29:27 UTC</createdTime>
<comment><![CDATA[Esse atributo irá receber a chave primária da forma de pagamento da consulta. Esse número é sequencial e gerado automaticamente pelo sistema. Seu conteúdo é obrigatóri]]></comment>
<commentInRDBMS><![CDATA[Esse atributo irá receber a chave primária da forma de pagamento da consulta. Esse número é sequencial e gerado automaticamente pelo sistema. Seu conteúdo é obrigatóri]]></commentInRDBMS>
<ownerDesignName>Projeto_RHSTU_v3_Gabarito</ownerDesignName>
<engineerTo>
<item key="BD52EFD7-AD57-1D29-FBCE-37428351E3D1" value="true"/>
</engineerTo>
<useDomainConstraints>false</useDomainConstraints>
<use>1</use>
<logicalDatatype>LOGDT019</logicalDatatype>
<dataTypePrecision>9</dataTypePrecision>
<ownDataTypeParameters>,9,</ownDataTypeParameters>
</Attribute>
<Attribute name="ID_CONSULTA" id="10DBBF3B-D41D-88BE-091F-4D9B32665EC7">
<createdBy>logonpflocal</createdBy>
<createdTime>2023-04-25 23:35:15 UTC</createdTime>
<comment><![CDATA[Esse atributo é a chave unica de meu projeto. Será gerado sequencialmente e automaticamente pela minha aplicação.]]></comment>
<generatorID>83BC7EA7-6D03-AC7A-008D-4D367556E642</generatorID>
<ownerDesignName>Projeto_RHSTU_v3_Gabarito</ownerDesignName>
<engineerTo>
<item key="BD52EFD7-AD57-1D29-FBCE-37428351E3D1" value="true"/>
</engineerTo>
<referedAttribute>FA07755F-9EBA-38A2-D4D8-C2D2AF12498F</referedAttribute>
<useDomainConstraints>false</useDomainConstraints>
<use>1</use>
<logicalDatatype>LOGDT019</logicalDatatype>
<dataTypePrecision>10</dataTypePrecision>
<ownDataTypeParameters>,,</ownDataTypeParameters>
</Attribute>
<Attribute name="ID_FORMA_PAGTO" id="38C23846-F8F1-220A-C424-749018708AE5">
<createdBy>logonpflocal</createdBy>
<createdTime>2023-04-25 23:33:06 UTC</createdTime>
<comment><![CDATA[Esse atributo irá receber a chave primária do email do paciente. Esse número é sequencial e gerado automaticamente pelo sistema. Seu conteúdo é obrigatório.]]></comment>
<generatorID>D4E7F7BD-CBA3-AB94-F7D9-A5965B371B91</generatorID>
<ownerDesignName>Projeto_RHSTU_v3_Gabarito</ownerDesignName>
<engineerTo>
<item key="BD52EFD7-AD57-1D29-FBCE-37428351E3D1" value="true"/>
</engineerTo>
<nullsAllowed>true</nullsAllowed>
<referedAttribute>FB5FDA2E-8925-6C57-8F14-37486C30B75F</referedAttribute>
<useDomainConstraints>false</useDomainConstraints>
<use>1</use>
<logicalDatatype>LOGDT019</logicalDatatype>
<dataTypePrecision>9</dataTypePrecision>
<ownDataTypeParameters>,,</ownDataTypeParameters>
</Attribute>
<Attribute name="ID_PACIENTE_PS" id="4CC13326-2D80-B86A-D320-4E43C69B2E6B">
<createdBy>logonpflocal</createdBy>
<createdTime>2023-04-25 23:33:47 UTC</createdTime>
<comment><![CDATA[Esse atributo irá receber a chave primária do plano de saúde do paciente. Esse número é sequencial e gerado automaticamente pelo sistema. Seu conteúdo é obrigatório.]]></comment>
<generatorID>FE185C42-690A-3D64-A7FE-15570799E992</generatorID>
<ownerDesignName>Projeto_RHSTU_v3_Gabarito</ownerDesignName>
<engineerTo>
<item key="BD52EFD7-AD57-1D29-FBCE-37428351E3D1" value="true"/>
</engineerTo>
<nullsAllowed>true</nullsAllowed>
<referedAttribute>9EAE8E2B-5F7E-31BF-D24C-338C5B143383</referedAttribute>
<useDomainConstraints>false</useDomainConstraints>
<use>1</use>
<logicalDatatype>LOGDT019</logicalDatatype>
<dataTypePrecision>10</dataTypePrecision>
<ownDataTypeParameters>,,</ownDataTypeParameters>
</Attribute>
<Attribute name="DT_CADASTRO" id="089C3CBC-80F7-1B91-16BA-EC768C7C6360">
<createdBy>logonpflocal</createdBy>
<createdTime>2023-04-25 23:29:27 UTC</createdTime>
<comment><![CDATA[Esse atributo irá receber a descrição da data de cadastro. Seu conteúdo deverá ser registrado como dd/mm/aaaa incluindo hora, minuto e segundo.]]></comment>
<commentInRDBMS><![CDATA[Esse atributo irá receber a descrição da data de cadastro. Seu conteúdo deverá ser registrado como dd/mm/aaaa incluindo hora, minuto e segundo.]]></commentInRDBMS>
<ownerDesignName>Projeto_RHSTU_v3_Gabarito</ownerDesignName>
<engineerTo>
<item key="BD52EFD7-AD57-1D29-FBCE-37428351E3D1" value="true"/>
</engineerTo>
<useDomainConstraints>false</useDomainConstraints>
<use>1</use>
<logicalDatatype>LOGDT007</logicalDatatype>
<ownDataTypeParameters>,,</ownDataTypeParameters>
</Attribute>
<Attribute name="DT_PAGTO" id="889F2D81-3E31-5042-B725-1A1B2A88A1B0">
<createdBy>logonpflocal</createdBy>
<createdTime>2023-04-25 23:29:27 UTC</createdTime>
<comment><![CDATA[Esse atributo irá receber a data de pagamento da consulta.]]></comment>
<commentInRDBMS><![CDATA[Esse atributo irá receber a data de pagamento da consulta.]]></commentInRDBMS>
<ownerDesignName>Projeto_RHSTU_v3_Gabarito</ownerDesignName>
<engineerTo>
<item key="BD52EFD7-AD57-1D29-FBCE-37428351E3D1" value="true"/>
</engineerTo>
<nullsAllowed>true</nullsAllowed>
<useDomainConstraints>false</useDomainConstraints>
<use>1</use>
<logicalDatatype>LOGDT007</logicalDatatype>
<listOfValues>
<valueDef value="A" description="Ativo"/>
<valueDef value="I" description="Inativo"/>
</listOfValues>
<ownDataTypeParameters>,,</ownDataTypeParameters>
</Attribute>
<Attribute name="ST_PAGTO" id="152F9215-76F4-2BD0-59D7-40626539E1EE">
<createdBy>logonpflocal</createdBy>
<createdTime>2023-04-25 23:31:59 UTC</createdTime>
<comment><![CDATA[Status do pagamento: (P)ago; (A)berto; (Z)atrasado.]]></comment>
<commentInRDBMS><![CDATA[Status do pagamento: (P)ago; (A)berto; (Z)atrasado.]]></commentInRDBMS>
<ownerDesignName>Projeto_RHSTU_v3_Gabarito</ownerDesignName>
<engineerTo>
<item key="BD52EFD7-AD57-1D29-FBCE-37428351E3D1" value="true"/>
</engineerTo>
<useDomainConstraints>false</useDomainConstraints>
<use>1</use>
<logicalDatatype>LOGDT025</logicalDatatype>
<dataTypeSize>1</dataTypeSize>
<ownDataTypeParameters>1,,</ownDataTypeParameters>
</Attribute>
<Attribute name="VL_PAGTO" id="D385270A-B50D-13C7-8C19-3D8CC8CA2346">
<createdBy>logonpflocal</createdBy>
<createdTime>2023-04-25 23:34:23 UTC</createdTime>
<ownerDesignName>Projeto_RHSTU_v3_Gabarito</ownerDesignName>
<engineerTo>
<item key="BD52EFD7-AD57-1D29-FBCE-37428351E3D1" value="true"/>
</engineerTo>
<useDomainConstraints>false</useDomainConstraints>
<use>1</use>
<logicalDatatype>LOGDT019</logicalDatatype>
<dataTypePrecision>10</dataTypePrecision>
<dataTypeScale>2</dataTypeScale>
<ownDataTypeParameters>,10,2</ownDataTypeParameters>
</Attribute>
</attributes>
<identifiers itemClass="oracle.dbtools.crest.model.design.logical.CandidateKey">
<identifier id="582BD791-BA4D-7068-88E9-0D9BD8C4534F" name="PK_RHSTU_FORMA_PAGTO">
<createdBy>logonpflocal</createdBy>
<createdTime>2023-04-25 23:29:27 UTC</createdTime>
<ownerDesignName>Projeto_RHSTU_v3_Gabarito</ownerDesignName>
<engineerTo>
<item key="BD52EFD7-AD57-1D29-FBCE-37428351E3D1" value="true"/>
</engineerTo>
<pk>true</pk>
<usedAttributes>
<attributeRef>D3217DF0-13E3-D3D0-4C9D-B42F19826BC3</attributeRef>
</usedAttributes>
</identifier>
</identifiers>
</Entity>