<?xml version = '1.0' encoding = 'UTF-8'?>
<Entity class="oracle.dbtools.crest.model.design.logical.Entity" directorySegmentName="seg_0" id="79FBD333-97B5-26FB-F3CD-B6821A0B646F" name="T_RHSTU_TELEFONE_PACIENTE">
<createdBy>Gustavo Padlipskas</createdBy>
<createdTime>2023-04-06 13:44:37 UTC</createdTime>
<ownerDesignName>Projeto_RHSTU_v3_Gabarito</ownerDesignName>
<engineerTo>
<item key="BD52EFD7-AD57-1D29-FBCE-37428351E3D1" value="true"/>
</engineerTo>
<adequatelyNormalized>NO</adequatelyNormalized>
<expectedVolumes>0</expectedVolumes>
<fwdEngineeringStrategyName>Single Table</fwdEngineeringStrategyName>
<growthPercent>0</growthPercent>
<growthType>Year</growthType>
<maxVolumes>9999999</maxVolumes>
<minVolumes>0</minVolumes>
<normalForm>Third</normalForm>
<attributes itemClass="oracle.dbtools.crest.model.design.logical.Attribute">
<Attribute name="ID_TELEFONE" id="1BFC6EF2-A48F-B0DB-7411-3C48512EF357">
<createdBy>Gustavo Padlipskas</createdBy>
<createdTime>2023-04-06 13:44:37 UTC</createdTime>
<comment><![CDATA[Esse atributo irá receber a chave primária do telefone do paciente. Esse número é sequencial iniciando com 1 a partir do id do paciente e é  gerado automaticamente pelo sistema. Seu conteúdo é obrigatório.]]></comment>
<commentInRDBMS><![CDATA[Esse atributo irá receber a chave primária do telefone do paciente. Esse número é sequencial iniciando com 1 a partir do id do paciente e é  gerado automaticamente pelo sistema. Seu conteúdo é obrigatório.]]></commentInRDBMS>
<ownerDesignName>Projeto_RHSTU_v3_Gabarito</ownerDesignName>
<importedID>E2A7759F-F71D-BA2E-6CB9-54A708AF5648</importedID>
<engineerTo>
<item key="BD52EFD7-AD57-1D29-FBCE-37428351E3D1" value="true"/>
</engineerTo>
<useDomainConstraints>false</useDomainConstraints>
<use>1</use>
<logicalDatatype>LOGDT019</logicalDatatype>
<dataTypePrecision>9</dataTypePrecision>
<ownDataTypeParameters>,9,</ownDataTypeParameters>
</Attribute>
<Attribute name="ID_PACIENTE" id="C08EB9F1-B069-0D1B-2351-DB00161CFD58">
<createdBy>Gustavo Padlipskas</createdBy>
<createdTime>2023-04-06 13:50:40 UTC</createdTime>
<comment><![CDATA[Esse atributo irá receber a chave primária do paciente. Esse número é sequencial e gerado automaticamente pelo sistema. Seu conteúdo é obrigatório.]]></comment>
<generatorID>54CDCB43-0C82-3FE0-62AF-0BECCF2B97F7</generatorID>
<ownerDesignName>Projeto_RHSTU_v3_Gabarito</ownerDesignName>
<engineerTo>
<item key="BD52EFD7-AD57-1D29-FBCE-37428351E3D1" value="true"/>
</engineerTo>
<referedAttribute>15A097FF-A07C-398B-0F86-D42FFB66F5C7</referedAttribute>
<useDomainConstraints>false</useDomainConstraints>
<use>1</use>
<logicalDatatype>LOGDT019</logicalDatatype>
<dataTypePrecision>9</dataTypePrecision>
<ownDataTypeParameters>,9,</ownDataTypeParameters>
</Attribute>
<Attribute name="NR_DDI" id="EF0616F1-FCD5-0B18-CD48-29D710F08B85">
<createdBy>Gustavo Padlipskas</createdBy>
<createdTime>2023-04-06 13:44:37 UTC</createdTime>
<comment><![CDATA[Este atributo irá receber o número do DDI do telefone do  paciente. Seu conteudo é obrigatório]]></comment>
<commentInRDBMS><![CDATA[Este atributo irá receber o número do DDI do telefone do  paciente. Seu conteudo é obrigatório.]]></commentInRDBMS>
<ownerDesignName>Projeto_RHSTU_v3_Gabarito</ownerDesignName>
<importedID>51C7512B-A456-EC5E-42FA-78F75E2201C5</importedID>
<engineerTo>
<item key="BD52EFD7-AD57-1D29-FBCE-37428351E3D1" value="true"/>
</engineerTo>
<useDomainConstraints>false</useDomainConstraints>
<use>1</use>
<logicalDatatype>LOGDT019</logicalDatatype>
<dataTypePrecision>3</dataTypePrecision>
<ownDataTypeParameters>,3,</ownDataTypeParameters>
</Attribute>
<Attribute name="NR_DDD" id="5771CDF4-9A15-21CC-1F68-F73244A4CF09">
<createdBy>Gustavo Padlipskas</createdBy>
<createdTime>2023-04-06 13:44:37 UTC</createdTime>
<comment><![CDATA[Esse atributo irá receber o número do DDD do telefone paciente.  Seu conteúdo é obrigatório.]]></comment>
<commentInRDBMS><![CDATA[Esse atributo irá receber o número do DDD do telefone paciente.  Seu conteúdo é obrigatório.]]></commentInRDBMS>
<ownerDesignName>Projeto_RHSTU_v3_Gabarito</ownerDesignName>
<importedID>6058B28E-F6D9-0905-716D-9DA1C28FF102</importedID>
<engineerTo>
<item key="BD52EFD7-AD57-1D29-FBCE-37428351E3D1" value="true"/>
</engineerTo>
<nullsAllowed>true</nullsAllowed>
<useDomainConstraints>false</useDomainConstraints>
<use>1</use>
<logicalDatatype>LOGDT019</logicalDatatype>
<dataTypePrecision>3</dataTypePrecision>
<ownDataTypeParameters>,3,</ownDataTypeParameters>
</Attribute>
<Attribute name="NR_TELEFONE" id="F4D64C29-B924-3060-FD8B-C63CC0168CD1">
<createdBy>Gustavo Padlipskas</createdBy>
<createdTime>2023-04-06 13:44:37 UTC</createdTime>
<comment><![CDATA[Esse atributo irá receber o número do telefone do  DDD do telefone paciente.  Seu conteúdo é obrigatório.]]></comment>
<commentInRDBMS><![CDATA[Esse atributo irá receber o número do telefone do  DDD do telefone paciente.  Seu conteúdo é obrigatório.]]></commentInRDBMS>
<ownerDesignName>Projeto_RHSTU_v3_Gabarito</ownerDesignName>
<importedID>AF2C2E10-E44F-75CA-4643-5E1316EB704B</importedID>
<engineerTo>
<item key="BD52EFD7-AD57-1D29-FBCE-37428351E3D1" value="true"/>
</engineerTo>
<useDomainConstraints>false</useDomainConstraints>
<use>1</use>
<logicalDatatype>LOGDT019</logicalDatatype>
<dataTypePrecision>10</dataTypePrecision>
<ownDataTypeParameters>,10,</ownDataTypeParameters>
</Attribute>
<Attribute name="TP_TELEFONE" id="C476BEDE-8DD4-752D-5E7D-616FF8FF91AB">
<createdBy>Gustavo Padlipskas</createdBy>
<createdTime>2023-04-06 13:44:37 UTC</createdTime>
<comment><![CDATA[Esse atributo irá receber o tipo do  telefone  do telefone paciente.  Seu conteúdo é obrigatório e os valores possiveis são: Comercial, Residencial, Recado e Celular]]></comment>
<commentInRDBMS><![CDATA[Esse atributo irá receber o tipo do  telefone  do telefone paciente.  Seu conteúdo é obrigatório e os valores possiveis são: Comercial, Residencial, Recado e Celular]]></commentInRDBMS>
<ownerDesignName>Projeto_RHSTU_v3_Gabarito</ownerDesignName>
<importedID>EC5B421C-2398-8D05-F32A-8C0EBDF07BDE</importedID>
<engineerTo>
<item key="BD52EFD7-AD57-1D29-FBCE-37428351E3D1" value="true"/>
</engineerTo>
<useDomainConstraints>false</useDomainConstraints>
<use>1</use>
<logicalDatatype>LOGDT024</logicalDatatype>
<dataTypeSize>20</dataTypeSize>
<ownDataTypeParameters>20,,</ownDataTypeParameters>
</Attribute>
<Attribute name="ST_TELEFONE" id="BF28430E-7B43-C237-8385-F7271D2B6578">
<createdBy>Gustavo Padlipskas</createdBy>
<createdTime>2023-04-06 13:44:37 UTC</createdTime>
<comment><![CDATA[Esse atributo irá receber o status do telefone do paciente.  Seu conteúdo é obrigatório e deve possuir os seguintes valores: (A)tivo ou (I)nativo.]]></comment>
<commentInRDBMS><![CDATA[Esse atributo irá receber o status do telefone do paciente.  Seu conteúdo é obrigatório e deve possuir os seguintes valores: (A)tivo ou (I)nativo.]]></commentInRDBMS>
<ownerDesignName>Projeto_RHSTU_v3_Gabarito</ownerDesignName>
<importedID>2EE0DBDD-953B-1496-ECD5-15DBC330FBBE</importedID>
<engineerTo>
<item key="BD52EFD7-AD57-1D29-FBCE-37428351E3D1" value="true"/>
</engineerTo>
<constraintName>UK_RHSTU_STATUS_TELEF_PACIENTE</constraintName>
<useDomainConstraints>false</useDomainConstraints>
<use>1</use>
<logicalDatatype>LOGDT025</logicalDatatype>
<dataTypeSize>1</dataTypeSize>
<listOfValues>
<valueDef value="A" description="Status ativo e operante do telefone do paciente."/>
<valueDef value="I" description="Status inativo e inoperante do telefone do paciente."/>
</listOfValues>
<ownDataTypeParameters>1,,</ownDataTypeParameters>
</Attribute>
</attributes>
<identifiers itemClass="oracle.dbtools.crest.model.design.logical.CandidateKey">
<identifier id="3823268D-CF59-4FAE-A9C8-EDE1146DF644" name="PK_RHSTU_TELEFONE_PACIENTE">
<createdBy>Gustavo Padlipskas</createdBy>
<createdTime>2023-04-06 13:44:37 UTC</createdTime>
<ownerDesignName>Projeto_RHSTU_v3_Gabarito</ownerDesignName>
<engineerTo>
<item key="BD52EFD7-AD57-1D29-FBCE-37428351E3D1" value="true"/>
</engineerTo>
<pk>true</pk>
<usedAttributes>
<attributeRef>1BFC6EF2-A48F-B0DB-7411-3C48512EF357</attributeRef>
</usedAttributes>
</identifier>
</identifiers>
</Entity>