<?xml version = '1.0' encoding = 'UTF-8'?>
<Entity class="oracle.dbtools.crest.model.design.logical.Entity" directorySegmentName="seg_0" id="864C229A-3313-20B9-772E-44B9A71B130D" name="T_RHSTU_PLANO_SAUDE">
<createdBy>Gustavo Padlipskas</createdBy>
<createdTime>2023-04-06 13:44:37 UTC</createdTime>
<ownerDesignName>Projeto_RHSTU_v3_Gabarito</ownerDesignName>
<engineerTo>
<item key="BD52EFD7-AD57-1D29-FBCE-37428351E3D1" value="true"/>
</engineerTo>
<adequatelyNormalized>NO</adequatelyNormalized>
<expectedVolumes>0</expectedVolumes>
<fwdEngineeringStrategyName>Single Table</fwdEngineeringStrategyName>
<growthPercent>0</growthPercent>
<growthType>Year</growthType>
<maxVolumes>9999999</maxVolumes>
<minVolumes>0</minVolumes>
<normalForm>Third</normalForm>
<attributes itemClass="oracle.dbtools.crest.model.design.logical.Attribute">
<Attribute name="ID_PLANO_SAUDE" id="093D39C7-9D43-ED56-693A-133322BD65A0">
<createdBy>Gustavo Padlipskas</createdBy>
<createdTime>2023-04-06 13:44:37 UTC</createdTime>
<comment><![CDATA[Esse atributo irá receber a chave primária do plano de saúde. Esse número é sequencial e gerado automaticamente pelo sistema. Seu conteúdo é obrigatório.]]></comment>
<commentInRDBMS><![CDATA[Esse atributo irá receber a chave primária do plano de saúde. Esse número é sequencial e gerado automaticamente pelo sistema. Seu conteúdo é obrigatório.]]></commentInRDBMS>
<ownerDesignName>Projeto_RHSTU_v3_Gabarito</ownerDesignName>
<importedID>E40D7012-4CE7-F19C-25A9-4951C8D0B3B5</importedID>
<engineerTo>
<item key="BD52EFD7-AD57-1D29-FBCE-37428351E3D1" value="true"/>
</engineerTo>
<useDomainConstraints>false</useDomainConstraints>
<use>1</use>
<logicalDatatype>LOGDT019</logicalDatatype>
<dataTypePrecision>5</dataTypePrecision>
<ownDataTypeParameters>,5,</ownDataTypeParameters>
</Attribute>
<Attribute name="DS_RAZAO_SOCIAL" id="4415985A-AD35-5A90-05E7-34B66521D12E">
<createdBy>Gustavo Padlipskas</createdBy>
<createdTime>2023-04-06 13:44:37 UTC</createdTime>
<comment><![CDATA[Esse atributo irá receber Razão Social do plano de saúde aceito na RHSTU. Seu conteúdo é obrigatório.]]></comment>
<commentInRDBMS><![CDATA[Esse atributo irá receber Razão Social do plano de saúde aceito na RHSTU. Seu conteúdo é obrigatório.]]></commentInRDBMS>
<ownerDesignName>Projeto_RHSTU_v3_Gabarito</ownerDesignName>
<importedID>3BD6BF87-0C20-C94A-70E3-02554EC05C3C</importedID>
<engineerTo>
<item key="BD52EFD7-AD57-1D29-FBCE-37428351E3D1" value="true"/>
</engineerTo>
<useDomainConstraints>false</useDomainConstraints>
<use>1</use>
<logicalDatatype>LOGDT024</logicalDatatype>
<dataTypeSize>70</dataTypeSize>
<ownDataTypeParameters>70,,</ownDataTypeParameters>
</Attribute>
<Attribute name="NM_FANTASIA_PLANO_SAUDE" id="90512041-7A26-EF24-D5AA-B887026B2F71">
<createdBy>Gustavo Padlipskas</createdBy>
<createdTime>2023-04-06 13:44:37 UTC</createdTime>
<comment><![CDATA[Esse atributo irá receber o nome Fantasia do plano de saúde aceito na RHSTU. Seu conteúdo é opcional.]]></comment>
<commentInRDBMS><![CDATA[Esse atributo irá receber o nome Fantasia do plano de saúde aceito na RHSTU. Seu conteúdo é opcional.]]></commentInRDBMS>
<ownerDesignName>Projeto_RHSTU_v3_Gabarito</ownerDesignName>
<importedID>B179C357-52FE-133B-9AE7-60FFFEAD01BA</importedID>
<engineerTo>
<item key="BD52EFD7-AD57-1D29-FBCE-37428351E3D1" value="true"/>
</engineerTo>
<nullsAllowed>true</nullsAllowed>
<useDomainConstraints>false</useDomainConstraints>
<use>1</use>
<logicalDatatype>LOGDT024</logicalDatatype>
<dataTypeSize>80</dataTypeSize>
<ownDataTypeParameters>80,,</ownDataTypeParameters>
</Attribute>
<Attribute name="DS_PLANO_SAUDE" id="59E70A46-5837-CA32-3DCE-E55D7D923373">
<createdBy>Gustavo Padlipskas</createdBy>
<createdTime>2023-04-06 13:44:37 UTC</createdTime>
<comment><![CDATA[Esse atributo irá receber a descrição do  plano de saúde aceito na RHSTU. Seu conteúdo é obrigatório.]]></comment>
<commentInRDBMS><![CDATA[Esse atributo irá receber a descrição do  plano de saúde aceito na RHSTU. Seu conteúdo é obrigatório.]]></commentInRDBMS>
<ownerDesignName>Projeto_RHSTU_v3_Gabarito</ownerDesignName>
<importedID>975427DC-B8E4-13C3-A220-10810268B583</importedID>
<engineerTo>
<item key="BD52EFD7-AD57-1D29-FBCE-37428351E3D1" value="true"/>
</engineerTo>
<useDomainConstraints>false</useDomainConstraints>
<use>1</use>
<logicalDatatype>LOGDT024</logicalDatatype>
<dataTypeSize>800</dataTypeSize>
<ownDataTypeParameters>800,,</ownDataTypeParameters>
</Attribute>
<Attribute name="NR_CNPJ" id="61095E81-5649-58C9-DB4F-ED88F31065C9">
<createdBy>Gustavo Padlipskas</createdBy>
<createdTime>2023-04-06 13:44:37 UTC</createdTime>
<comment><![CDATA[Esse atributo irá receber o numero do CNPJ do plano de saúde aceito na RHSTU. Seu conteúdo é obrigatório.]]></comment>
<commentInRDBMS><![CDATA[Esse atributo irá receber o numero do CNPJ do plano de saúde aceito na RHSTU. Seu conteúdo é obrigatório.]]></commentInRDBMS>
<ownerDesignName>Projeto_RHSTU_v3_Gabarito</ownerDesignName>
<importedID>E5F89278-8A88-476E-BC8E-B1C16BE37BEE</importedID>
<engineerTo>
<item key="BD52EFD7-AD57-1D29-FBCE-37428351E3D1" value="true"/>
</engineerTo>
<useDomainConstraints>false</useDomainConstraints>
<use>1</use>
<logicalDatatype>LOGDT019</logicalDatatype>
<dataTypePrecision>14</dataTypePrecision>
<ownDataTypeParameters>,14,</ownDataTypeParameters>
</Attribute>
<Attribute name="NM_CONTATO" id="0B83A587-3306-1CAD-41A3-555CEE663664">
<createdBy>Gustavo Padlipskas</createdBy>
<createdTime>2023-04-06 13:44:37 UTC</createdTime>
<comment><![CDATA[Esse atributo irá receber o nome  do contato dentro do plano de saúde aceito na RHSTU. Seu conteúdo é obrigatório.]]></comment>
<commentInRDBMS><![CDATA[Esse atributo irá receber o nome  do contato dentro do plano de saúde aceito na RHSTU. Seu conteúdo é obrigatório.]]></commentInRDBMS>
<ownerDesignName>Projeto_RHSTU_v3_Gabarito</ownerDesignName>
<importedID>0C21C6E8-AA7C-6AFE-0CCA-6FB5993DCBB5</importedID>
<engineerTo>
<item key="BD52EFD7-AD57-1D29-FBCE-37428351E3D1" value="true"/>
</engineerTo>
<nullsAllowed>true</nullsAllowed>
<useDomainConstraints>false</useDomainConstraints>
<use>1</use>
<logicalDatatype>LOGDT024</logicalDatatype>
<dataTypeSize>30</dataTypeSize>
<ownDataTypeParameters>30,,</ownDataTypeParameters>
</Attribute>
<Attribute name="DS_TELEFONE" id="632126BF-DF6B-0AC5-12D9-8F793D5DBE3A">
<createdBy>Gustavo Padlipskas</createdBy>
<createdTime>2023-04-06 13:44:37 UTC</createdTime>
<comment><![CDATA[Esse atributo irá receber os dados do telefone para contato no plano de saúde aceito na RHSTU. Seu conteúdo é opcional.]]></comment>
<commentInRDBMS><![CDATA[Esse atributo irá receber os dados do telefone para contato no plano de saúde aceito na RHSTU. Seu conteúdo é opcional.]]></commentInRDBMS>
<ownerDesignName>Projeto_RHSTU_v3_Gabarito</ownerDesignName>
<importedID>61D1993B-8D1D-CCD9-5EE6-924B2090D5CF</importedID>
<engineerTo>
<item key="BD52EFD7-AD57-1D29-FBCE-37428351E3D1" value="true"/>
</engineerTo>
<nullsAllowed>true</nullsAllowed>
<useDomainConstraints>false</useDomainConstraints>
<use>1</use>
<logicalDatatype>LOGDT024</logicalDatatype>
<dataTypeSize>30</dataTypeSize>
<ownDataTypeParameters>30,,</ownDataTypeParameters>
</Attribute>
<Attribute name="DT_INICIO" id="26CE0F9A-4EA1-86CC-C812-F67C1D460E83">
<createdBy>Gustavo Padlipskas</createdBy>
<createdTime>2023-04-06 13:44:37 UTC</createdTime>
<comment><![CDATA[Esse atributo irá receber a data de início para atendimento do plano de saúde aceito na RHSTU. Seu conteúdo é opcional.]]></comment>
<commentInRDBMS><![CDATA[Esse atributo irá receber a data de início para atendimento do plano de saúde aceito na RHSTU. Seu conteúdo é opcional.]]></commentInRDBMS>
<ownerDesignName>Projeto_RHSTU_v3_Gabarito</ownerDesignName>
<importedID>2CBCBFFD-83CC-3BED-3A9D-73DB3F1D5F29</importedID>
<engineerTo>
<item key="BD52EFD7-AD57-1D29-FBCE-37428351E3D1" value="true"/>
</engineerTo>
<useDomainConstraints>false</useDomainConstraints>
<use>1</use>
<logicalDatatype>LOGDT007</logicalDatatype>
<ownDataTypeParameters>,,</ownDataTypeParameters>
</Attribute>
<Attribute name="DT_FIM" id="5E309F32-5448-DF55-5BCA-E36B7AD8964B">
<createdBy>Gustavo Padlipskas</createdBy>
<createdTime>2023-04-06 13:44:37 UTC</createdTime>
<comment><![CDATA[Esse atributo irá receber a data de encerramento do plano de saúde aceito na RHSTU. Seu conteúdo é opcional.]]></comment>
<commentInRDBMS><![CDATA[Esse atributo irá receber a data de encerramento do plano de saúde aceito na RHSTU. Seu conteúdo é opcional.]]></commentInRDBMS>
<ownerDesignName>Projeto_RHSTU_v3_Gabarito</ownerDesignName>
<importedID>08E2CB71-0533-734C-ABE8-F5DF6EF4CA04</importedID>
<engineerTo>
<item key="BD52EFD7-AD57-1D29-FBCE-37428351E3D1" value="true"/>
</engineerTo>
<nullsAllowed>true</nullsAllowed>
<useDomainConstraints>false</useDomainConstraints>
<use>1</use>
<logicalDatatype>LOGDT007</logicalDatatype>
<ownDataTypeParameters>,,</ownDataTypeParameters>
</Attribute>
</attributes>
<identifiers itemClass="oracle.dbtools.crest.model.design.logical.CandidateKey">
<identifier id="CBF6D8E3-DFBC-EA59-720E-8A44FCBDD738" name="PK_RHSTU_PLANO_SAUDE">
<createdBy>Gustavo Padlipskas</createdBy>
<createdTime>2023-04-06 13:44:37 UTC</createdTime>
<ownerDesignName>Projeto_RHSTU_v3_Gabarito</ownerDesignName>
<engineerTo>
<item key="BD52EFD7-AD57-1D29-FBCE-37428351E3D1" value="true"/>
</engineerTo>
<pk>true</pk>
<usedAttributes>
<attributeRef>093D39C7-9D43-ED56-693A-133322BD65A0</attributeRef>
</usedAttributes>
</identifier>
</identifiers>
</Entity>