<?xml version = '1.0' encoding = 'UTF-8'?>
<Entity class="oracle.dbtools.crest.model.design.logical.Entity" directorySegmentName="seg_0" id="8AC7DE7A-2691-50B2-B820-EE581E007258" name="T_RHSTU_FORMA_PAGTO">
<createdBy>logonpflocal</createdBy>
<createdTime>2023-04-25 23:23:55 UTC</createdTime>
<ownerDesignName>Projeto_RHSTU_v3_Gabarito</ownerDesignName>
<engineerTo>
<item key="BD52EFD7-AD57-1D29-FBCE-37428351E3D1" value="true"/>
</engineerTo>
<adequatelyNormalized>NO</adequatelyNormalized>
<expectedVolumes>0</expectedVolumes>
<fwdEngineeringStrategyName>Single Table</fwdEngineeringStrategyName>
<growthPercent>0</growthPercent>
<growthType>Year</growthType>
<maxVolumes>9999999</maxVolumes>
<minVolumes>0</minVolumes>
<normalForm>Third</normalForm>
<attributes itemClass="oracle.dbtools.crest.model.design.logical.Attribute">
<Attribute name="ID_FORMA_PAGTO" id="FB5FDA2E-8925-6C57-8F14-37486C30B75F">
<createdBy>logonpflocal</createdBy>
<createdTime>2023-04-25 23:23:55 UTC</createdTime>
<comment><![CDATA[Esse atributo irá receber a chave primária do email do paciente. Esse número é sequencial e gerado automaticamente pelo sistema. Seu conteúdo é obrigatório.]]></comment>
<commentInRDBMS><![CDATA[Esse atributo irá receber a chave primária da forma de pagamento. Esse número é sequencial e gerado automaticamente pelo sistema. Seu conteúdo é obrigatóri]]></commentInRDBMS>
<ownerDesignName>Projeto_RHSTU_v3_Gabarito</ownerDesignName>
<engineerTo>
<item key="BD52EFD7-AD57-1D29-FBCE-37428351E3D1" value="true"/>
</engineerTo>
<useDomainConstraints>false</useDomainConstraints>
<use>1</use>
<logicalDatatype>LOGDT019</logicalDatatype>
<dataTypePrecision>9</dataTypePrecision>
<ownDataTypeParameters>,9,</ownDataTypeParameters>
</Attribute>
<Attribute name="DS_FORMA_PAGTO" id="4F8CF4E0-4ABE-4435-8643-2E355A75B43C">
<createdBy>logonpflocal</createdBy>
<createdTime>2023-04-25 23:23:55 UTC</createdTime>
<comment><![CDATA[Esse atributo irá receber a descrição da forma de pagamento.  Seu conteúdo é obrigatório.]]></comment>
<commentInRDBMS><![CDATA[Esse atributo irá receber a descrição da forma de pagamento.  Seu conteúdo é obrigatório.]]></commentInRDBMS>
<ownerDesignName>Projeto_RHSTU_v3_Gabarito</ownerDesignName>
<engineerTo>
<item key="BD52EFD7-AD57-1D29-FBCE-37428351E3D1" value="true"/>
</engineerTo>
<useDomainConstraints>false</useDomainConstraints>
<use>1</use>
<logicalDatatype>LOGDT024</logicalDatatype>
<dataTypeSize>100</dataTypeSize>
<ownDataTypeParameters>100,,</ownDataTypeParameters>
</Attribute>
<Attribute name="ST_FORMA_PAGTO" id="F09C5386-E593-6A10-115E-1DE218BDFE1F">
<createdBy>logonpflocal</createdBy>
<createdTime>2023-04-25 23:23:55 UTC</createdTime>
<comment><![CDATA[Esse atributo irá receber o status da forma de pagamento.  Seu conteúdo é obrigatório e deve possuir os seguintes valores: (A)tivo ou (I)nativo.]]></comment>
<commentInRDBMS><![CDATA[Esse atributo irá receber o status da forma de pagamento.  Seu conteúdo é obrigatório e deve possuir os seguintes valores: (A)tivo ou (I)nativo.]]></commentInRDBMS>
<ownerDesignName>Projeto_RHSTU_v3_Gabarito</ownerDesignName>
<engineerTo>
<item key="BD52EFD7-AD57-1D29-FBCE-37428351E3D1" value="true"/>
</engineerTo>
<useDomainConstraints>false</useDomainConstraints>
<use>1</use>
<logicalDatatype>LOGDT025</logicalDatatype>
<dataTypeSize>1</dataTypeSize>
<listOfValues>
<valueDef value="A" description="Ativo"/>
<valueDef value="I" description="Inativo"/>
</listOfValues>
<ownDataTypeParameters>1,,</ownDataTypeParameters>
</Attribute>
</attributes>
<identifiers itemClass="oracle.dbtools.crest.model.design.logical.CandidateKey">
<identifier id="58CF29E3-2568-E679-6261-0106D51B84E8" name="PK_RHSTU_FORMA_PAGTO">
<createdBy>logonpflocal</createdBy>
<createdTime>2023-04-25 23:23:55 UTC</createdTime>
<ownerDesignName>Projeto_RHSTU_v3_Gabarito</ownerDesignName>
<engineerTo>
<item key="BD52EFD7-AD57-1D29-FBCE-37428351E3D1" value="true"/>
</engineerTo>
<pk>true</pk>
<newElementsIDs>FB5FDA2E-8925-6C57-8F14-37486C30B75F</newElementsIDs>
<usedAttributes>
<attributeRef>FB5FDA2E-8925-6C57-8F14-37486C30B75F</attributeRef>
</usedAttributes>
</identifier>
</identifiers>
</Entity>