<?xml version = '1.0' encoding = 'UTF-8'?>
<Entity class="oracle.dbtools.crest.model.design.logical.Entity" directorySegmentName="seg_0" id="8CEFD8F1-85D7-C262-05F2-A8DFF9A8B2DA" name="T_RHSTU_PACIENTE_PLANO_SAUDE">
<createdBy>Gustavo Padlipskas</createdBy>
<createdTime>2023-04-06 13:44:37 UTC</createdTime>
<ownerDesignName>Projeto_RHSTU_v3_Gabarito</ownerDesignName>
<engineerTo>
<item key="BD52EFD7-AD57-1D29-FBCE-37428351E3D1" value="true"/>
</engineerTo>
<adequatelyNormalized>NO</adequatelyNormalized>
<expectedVolumes>0</expectedVolumes>
<fwdEngineeringStrategyName>Single Table</fwdEngineeringStrategyName>
<growthPercent>0</growthPercent>
<growthType>Year</growthType>
<maxVolumes>9999999</maxVolumes>
<minVolumes>0</minVolumes>
<normalForm>Third</normalForm>
<attributes itemClass="oracle.dbtools.crest.model.design.logical.Attribute">
<Attribute name="ID_PACIENTE_PS" id="9EAE8E2B-5F7E-31BF-D24C-338C5B143383">
<createdBy>Gustavo Padlipskas</createdBy>
<createdTime>2023-04-06 13:44:37 UTC</createdTime>
<comment><![CDATA[Esse atributo irá receber a chave primária do plano de saúde do paciente. Esse número é sequencial e gerado automaticamente pelo sistema. Seu conteúdo é obrigatório.]]></comment>
<commentInRDBMS><![CDATA[Esse atributo irá receber a chave primária do plano de saúde do paciente. Esse número é sequencial e gerado automaticamente pelo sistema. Seu conteúdo é obrigatório.]]></commentInRDBMS>
<ownerDesignName>Projeto_RHSTU_v3_Gabarito</ownerDesignName>
<importedID>9A9413F8-DD8F-153E-A6D7-6AC7C8FD6385</importedID>
<engineerTo>
<item key="BD52EFD7-AD57-1D29-FBCE-37428351E3D1" value="true"/>
</engineerTo>
<useDomainConstraints>false</useDomainConstraints>
<use>1</use>
<logicalDatatype>LOGDT019</logicalDatatype>
<dataTypePrecision>10</dataTypePrecision>
<ownDataTypeParameters>,10,</ownDataTypeParameters>
</Attribute>
<Attribute name="ID_PACIENTE" id="54108524-178F-5376-5887-F9E7A9BA7E61">
<createdBy>Gustavo Padlipskas</createdBy>
<createdTime>2023-04-06 13:52:35 UTC</createdTime>
<comment><![CDATA[Esse atributo irá receber a chave primária do paciente. Esse número é sequencial e gerado automaticamente pelo sistema. Seu conteúdo é obrigatório.]]></comment>
<generatorID>595B6052-021D-6629-CE83-717C4DCCE2C4</generatorID>
<ownerDesignName>Projeto_RHSTU_v3_Gabarito</ownerDesignName>
<engineerTo>
<item key="BD52EFD7-AD57-1D29-FBCE-37428351E3D1" value="true"/>
</engineerTo>
<referedAttribute>15A097FF-A07C-398B-0F86-D42FFB66F5C7</referedAttribute>
<useDomainConstraints>false</useDomainConstraints>
<use>1</use>
<logicalDatatype>LOGDT019</logicalDatatype>
<dataTypePrecision>9</dataTypePrecision>
<ownDataTypeParameters>,9,</ownDataTypeParameters>
</Attribute>
<Attribute name="ID_PLANO_SAUDE" id="4D4BD788-9CFD-8E69-9DA7-BA5B09546A78">
<createdBy>Gustavo Padlipskas</createdBy>
<createdTime>2023-04-06 13:52:52 UTC</createdTime>
<comment><![CDATA[Esse atributo irá receber a chave primária do plano de saúde. Esse número é sequencial e gerado automaticamente pelo sistema. Seu conteúdo é obrigatório.]]></comment>
<generatorID>E336AA27-F52F-FF06-C9D1-54A08A0B312F</generatorID>
<ownerDesignName>Projeto_RHSTU_v3_Gabarito</ownerDesignName>
<engineerTo>
<item key="BD52EFD7-AD57-1D29-FBCE-37428351E3D1" value="true"/>
</engineerTo>
<referedAttribute>093D39C7-9D43-ED56-693A-133322BD65A0</referedAttribute>
<useDomainConstraints>false</useDomainConstraints>
<use>1</use>
<logicalDatatype>LOGDT019</logicalDatatype>
<dataTypePrecision>5</dataTypePrecision>
<ownDataTypeParameters>,5,</ownDataTypeParameters>
</Attribute>
<Attribute name="NR_CARTEIRA_PS" id="0ED0C602-8747-70D9-9DCF-859724E3D9F4">
<createdBy>Gustavo Padlipskas</createdBy>
<createdTime>2023-04-06 13:44:37 UTC</createdTime>
<ownerDesignName>Projeto_RHSTU_v3_Gabarito</ownerDesignName>
<importedID>15003F3B-8EFD-EF30-70E6-AC084A149F61</importedID>
<engineerTo>
<item key="BD52EFD7-AD57-1D29-FBCE-37428351E3D1" value="true"/>
</engineerTo>
<useDomainConstraints>false</useDomainConstraints>
<use>1</use>
<logicalDatatype>LOGDT019</logicalDatatype>
<dataTypePrecision>15</dataTypePrecision>
<ownDataTypeParameters>,15,</ownDataTypeParameters>
</Attribute>
<Attribute name="DT_INICIO" id="DED8A214-8D3C-D4A8-6187-27C9E3C917F5">
<createdBy>Gustavo Padlipskas</createdBy>
<createdTime>2023-04-06 13:44:37 UTC</createdTime>
<comment><![CDATA[Esse atributo irá receber a data de início para atendimento do plano de saúde do cliente aceito na RHSTU. Seu conteúdo é opcional.]]></comment>
<commentInRDBMS><![CDATA[Esse atributo irá receber a data de início para atendimento do plano de saúde do cliente aceito na RHSTU. Seu conteúdo é opcional.]]></commentInRDBMS>
<ownerDesignName>Projeto_RHSTU_v3_Gabarito</ownerDesignName>
<importedID>D804C1B6-E42C-AA60-291E-C9A4A25130BB</importedID>
<engineerTo>
<item key="BD52EFD7-AD57-1D29-FBCE-37428351E3D1" value="true"/>
</engineerTo>
<useDomainConstraints>false</useDomainConstraints>
<use>1</use>
<logicalDatatype>LOGDT007</logicalDatatype>
<ownDataTypeParameters>,,</ownDataTypeParameters>
</Attribute>
<Attribute name="DT_FIM" id="F7DF1D15-68AD-6A73-2CB4-FFB5135E7763">
<createdBy>Gustavo Padlipskas</createdBy>
<createdTime>2023-04-06 13:44:37 UTC</createdTime>
<comment><![CDATA[Esse atributo irá receber a data de encerramento do plano de saúde aceito na RHSTU. Seu conteúdo é opcional.]]></comment>
<commentInRDBMS><![CDATA[Esse atributo irá receber a data de encerramento do plano de saúde aceito na RHSTU. Seu conteúdo é opcional.]]></commentInRDBMS>
<ownerDesignName>Projeto_RHSTU_v3_Gabarito</ownerDesignName>
<importedID>74360E6E-5608-8AA0-4502-84F033D19590</importedID>
<engineerTo>
<item key="BD52EFD7-AD57-1D29-FBCE-37428351E3D1" value="true"/>
</engineerTo>
<nullsAllowed>true</nullsAllowed>
<useDomainConstraints>false</useDomainConstraints>
<use>1</use>
<logicalDatatype>LOGDT007</logicalDatatype>
<ownDataTypeParameters>,,</ownDataTypeParameters>
</Attribute>
</attributes>
<identifiers itemClass="oracle.dbtools.crest.model.design.logical.CandidateKey">
<identifier id="6D852514-5823-02C2-5760-0D1D796B728C" name="PK_RHSTU_PAC_PLANOSAUDE">
<createdBy>Gustavo Padlipskas</createdBy>
<createdTime>2023-04-06 13:44:37 UTC</createdTime>
<ownerDesignName>Projeto_RHSTU_v3_Gabarito</ownerDesignName>
<engineerTo>
<item key="BD52EFD7-AD57-1D29-FBCE-37428351E3D1" value="true"/>
</engineerTo>
<pk>true</pk>
<newElementsIDs>9EAE8E2B-5F7E-31BF-D24C-338C5B143383</newElementsIDs>
<usedAttributes>
<attributeRef>9EAE8E2B-5F7E-31BF-D24C-338C5B143383</attributeRef>
</usedAttributes>
</identifier>
</identifiers>
</Entity>