<?xml version = '1.0' encoding = 'UTF-8'?>
<Entity class="oracle.dbtools.crest.model.design.logical.Entity" directorySegmentName="seg_0" id="DA8507DF-B850-4553-0F39-A8F35EA457C5" name="T_RHSTU_MEDICO">
<createdBy>logonpflocal</createdBy>
<createdTime>2023-04-25 22:42:41 UTC</createdTime>
<ownerDesignName>Projeto_RHSTU_v3_Gabarito</ownerDesignName>
<engineerTo>
<item key="BD52EFD7-AD57-1D29-FBCE-37428351E3D1" value="true"/>
</engineerTo>
<adequatelyNormalized>NO</adequatelyNormalized>
<expectedVolumes>0</expectedVolumes>
<fwdEngineeringStrategyName>Single Table</fwdEngineeringStrategyName>
<growthPercent>0</growthPercent>
<growthType>Year</growthType>
<maxVolumes>9999999</maxVolumes>
<minVolumes>0</minVolumes>
<normalForm>Third</normalForm>
<attributes itemClass="oracle.dbtools.crest.model.design.logical.Attribute">
<Attribute name="ID_MEDICO" id="0A5A3C78-B94F-FBA1-05B0-1CC8946FBFCD">
<createdBy>logonpflocal</createdBy>
<createdTime>2023-04-25 22:42:41 UTC</createdTime>
<comment><![CDATA[Esse atributo irá receber a chave primária do medico.. Esse número é sequencial e gerado automaticamente pelo sistema. Seu conteúdo é obrigatório.]]></comment>
<commentInRDBMS><![CDATA[Esse atributo irá receber a chave primária do medico.. Esse número é sequencial e gerado automaticamente pelo sistema. Seu conteúdo é obrigatório.]]></commentInRDBMS>
<ownerDesignName>Projeto_RHSTU_v3_Gabarito</ownerDesignName>
<engineerTo>
<item key="BD52EFD7-AD57-1D29-FBCE-37428351E3D1" value="true"/>
</engineerTo>
<useDomainConstraints>false</useDomainConstraints>
<use>1</use>
<logicalDatatype>LOGDT019</logicalDatatype>
<dataTypePrecision>9</dataTypePrecision>
<ownDataTypeParameters>,9,</ownDataTypeParameters>
</Attribute>
<Attribute name="NM_MEDICO" id="743B2B33-E9D4-45C8-3E54-730857482136">
<createdBy>logonpflocal</createdBy>
<createdTime>2023-04-25 22:42:41 UTC</createdTime>
<comment><![CDATA[Esse atributo irá receber o nome completo do medico.  Seu conteúdo é obrigatório.]]></comment>
<commentInRDBMS><![CDATA[Esse atributo irá receber o nome completo do medico.  Seu conteúdo é obrigatório.]]></commentInRDBMS>
<ownerDesignName>Projeto_RHSTU_v3_Gabarito</ownerDesignName>
<engineerTo>
<item key="BD52EFD7-AD57-1D29-FBCE-37428351E3D1" value="true"/>
</engineerTo>
<useDomainConstraints>false</useDomainConstraints>
<use>1</use>
<logicalDatatype>LOGDT024</logicalDatatype>
<dataTypeSize>80</dataTypeSize>
<ownDataTypeParameters>80,,</ownDataTypeParameters>
</Attribute>
<Attribute name="NR_CRM" id="22A39447-8BAD-CEBE-F9D4-EFE86A22BC7F">
<createdBy>logonpflocal</createdBy>
<createdTime>2023-04-25 22:46:12 UTC</createdTime>
<comment><![CDATA[Esse atributo refere-se ao numero do CRM do Médico. Seu conteúdo é obrigatório.]]></comment>
<commentInRDBMS><![CDATA[Esse atributo refere-se ao numero do CRM do Médico. Seu conteúdo é obrigatório.]]></commentInRDBMS>
<ownerDesignName>Projeto_RHSTU_v3_Gabarito</ownerDesignName>
<engineerTo>
<item key="BD52EFD7-AD57-1D29-FBCE-37428351E3D1" value="true"/>
</engineerTo>
<nullsAllowed>true</nullsAllowed>
<useDomainConstraints>false</useDomainConstraints>
<use>1</use>
<logicalDatatype>LOGDT019</logicalDatatype>
<dataTypePrecision>7</dataTypePrecision>
<ownDataTypeParameters>,7,</ownDataTypeParameters>
</Attribute>
<Attribute name="NR_CPF" id="716EF7BB-EB56-AB15-C9DB-76B89D04FE9D">
<createdBy>logonpflocal</createdBy>
<createdTime>2023-04-25 22:42:41 UTC</createdTime>
<comment><![CDATA[Esse atributo irá receber o número do  CPF medico.  Seu conteúdo é obrigatório e será validado de acordo com regras de negócio.]]></comment>
<commentInRDBMS><![CDATA[Esse atributo irá receber o número do  CPF medico.  Seu conteúdo é obrigatório e será validado de acordo com regras de negócio.]]></commentInRDBMS>
<ownerDesignName>Projeto_RHSTU_v3_Gabarito</ownerDesignName>
<engineerTo>
<item key="BD52EFD7-AD57-1D29-FBCE-37428351E3D1" value="true"/>
</engineerTo>
<useDomainConstraints>false</useDomainConstraints>
<use>1</use>
<logicalDatatype>LOGDT019</logicalDatatype>
<dataTypePrecision>12</dataTypePrecision>
<ownDataTypeParameters>,12,</ownDataTypeParameters>
</Attribute>
<Attribute name="NM_RG" id="462EAD55-87D5-44C9-B2AE-BBFD711D418C">
<createdBy>logonpflocal</createdBy>
<createdTime>2023-04-25 22:42:41 UTC</createdTime>
<comment><![CDATA[Esse atributo irá receber o número do  RG  medico.  Seu conteúdo é obrigatório e será validado de acordo com regras de negócio.]]></comment>
<commentInRDBMS><![CDATA[Esse atributo irá receber o número do  RG  medico.  Seu conteúdo é obrigatório e será validado de acordo com regras de negócio.]]></commentInRDBMS>
<ownerDesignName>Projeto_RHSTU_v3_Gabarito</ownerDesignName>
<engineerTo>
<item key="BD52EFD7-AD57-1D29-FBCE-37428351E3D1" value="true"/>
</engineerTo>
<nullsAllowed>true</nullsAllowed>
<useDomainConstraints>false</useDomainConstraints>
<use>1</use>
<logicalDatatype>LOGDT024</logicalDatatype>
<dataTypeSize>15</dataTypeSize>
<ownDataTypeParameters>15,,</ownDataTypeParameters>
</Attribute>
<Attribute name="DT_NASCIMENTO" id="8ADAA677-DD01-24E2-6258-A06FD9D8DA99">
<createdBy>logonpflocal</createdBy>
<createdTime>2023-04-25 22:42:41 UTC</createdTime>
<comment><![CDATA[Esse atributo irá receber a data de nascimento do  medico.  Seu conteúdo é obrigatório.]]></comment>
<commentInRDBMS><![CDATA[Esse atributo irá receber a data de nascimento do  medico.  Seu conteúdo é obrigatório.]]></commentInRDBMS>
<ownerDesignName>Projeto_RHSTU_v3_Gabarito</ownerDesignName>
<engineerTo>
<item key="BD52EFD7-AD57-1D29-FBCE-37428351E3D1" value="true"/>
</engineerTo>
<useDomainConstraints>false</useDomainConstraints>
<use>1</use>
<logicalDatatype>LOGDT007</logicalDatatype>
<ownDataTypeParameters>,,</ownDataTypeParameters>
</Attribute>
<Attribute name="FL_SEXO_BIOLOGICO" id="E600C4C7-0FBE-5C76-3FEE-1936262876A5">
<createdBy>logonpflocal</createdBy>
<createdTime>2023-04-25 22:42:41 UTC</createdTime>
<comment><![CDATA[Esse atributo irá receber a flag do sexo biológico de nascimento do medico. Os valores possíveis são (F)emea  ou (M)acho ou (I)ntersexual. Seu conteúdo é obrigatório.]]></comment>
<commentInRDBMS><![CDATA[Esse atributo irá receber a flag do sexo biológico de nascimento do Paciente. Os valores possíveis são (F)emea  ou (M)acho ou (I)ntersexual. Seu conteúdo é obrigatório.]]></commentInRDBMS>
<ownerDesignName>Projeto_RHSTU_v3_Gabarito</ownerDesignName>
<engineerTo>
<item key="BD52EFD7-AD57-1D29-FBCE-37428351E3D1" value="true"/>
</engineerTo>
<useDomainConstraints>false</useDomainConstraints>
<use>1</use>
<logicalDatatype>LOGDT025</logicalDatatype>
<dataTypeSize>1</dataTypeSize>
<listOfValues>
<valueDef value="F" description="Paciente do tipo Femea"/>
<valueDef value="I" description="Paciente do tipo Intersexual"/>
<valueDef value="M" description="Paciente do tipo Macho"/>
</listOfValues>
<ownDataTypeParameters>1,,</ownDataTypeParameters>
</Attribute>
<Attribute name="DS_ESTADO_CIVIL" id="B0FC0940-1FA2-0C30-8760-E39CF8677E57">
<createdBy>logonpflocal</createdBy>
<createdTime>2023-04-25 22:42:41 UTC</createdTime>
<comment><![CDATA[Esse atributo irá receber o Estado Civil  do  medico.  Seu conteúdo é obrigatório.]]></comment>
<commentInRDBMS><![CDATA[Esse atributo irá receber o Estado Civil  do  medico.  Seu conteúdo é obrigatório.]]></commentInRDBMS>
<ownerDesignName>Projeto_RHSTU_v3_Gabarito</ownerDesignName>
<engineerTo>
<item key="BD52EFD7-AD57-1D29-FBCE-37428351E3D1" value="true"/>
</engineerTo>
<useDomainConstraints>false</useDomainConstraints>
<use>1</use>
<logicalDatatype>LOGDT024</logicalDatatype>
<dataTypeSize>25</dataTypeSize>
<ownDataTypeParameters>25,,</ownDataTypeParameters>
</Attribute>
<Attribute name="NM_GRUPO_SANGUINEO" id="35AEAFA0-F452-156A-AC1C-6547C52EB824">
<createdBy>logonpflocal</createdBy>
<createdTime>2023-04-25 22:42:41 UTC</createdTime>
<comment><![CDATA[Esse atributo irá receber o grupo sanguineo do  medico.  Seu conteúdo é obrigatório.]]></comment>
<commentInRDBMS><![CDATA[Esse atributo irá receber o grupo sanguineo do  medico.  Seu conteúdo é obrigatório.]]></commentInRDBMS>
<ownerDesignName>Projeto_RHSTU_v3_Gabarito</ownerDesignName>
<engineerTo>
<item key="BD52EFD7-AD57-1D29-FBCE-37428351E3D1" value="true"/>
</engineerTo>
<useDomainConstraints>false</useDomainConstraints>
<use>1</use>
<logicalDatatype>LOGDT024</logicalDatatype>
<dataTypeSize>6</dataTypeSize>
<ownDataTypeParameters>6,,</ownDataTypeParameters>
</Attribute>
<Attribute name="DT_CADASTRO" id="C1981190-CFDE-D1CA-4182-D0EED5D47648">
<createdBy>logonpflocal</createdBy>
<createdTime>2023-04-25 22:42:41 UTC</createdTime>
<ownerDesignName>Projeto_RHSTU_v3_Gabarito</ownerDesignName>
<engineerTo>
<item key="BD52EFD7-AD57-1D29-FBCE-37428351E3D1" value="true"/>
</engineerTo>
<useDomainConstraints>false</useDomainConstraints>
<use>1</use>
<logicalDatatype>LOGDT007</logicalDatatype>
<ownDataTypeParameters>,,</ownDataTypeParameters>
</Attribute>
<Attribute name="DT_FALECIMENTO" id="5B244189-5A8D-3196-7C9F-776E5ED8E413">
<createdBy>logonpflocal</createdBy>
<createdTime>2023-04-25 22:42:41 UTC</createdTime>
<ownerDesignName>Projeto_RHSTU_v3_Gabarito</ownerDesignName>
<engineerTo>
<item key="BD52EFD7-AD57-1D29-FBCE-37428351E3D1" value="true"/>
</engineerTo>
<nullsAllowed>true</nullsAllowed>
<useDomainConstraints>false</useDomainConstraints>
<use>1</use>
<logicalDatatype>LOGDT007</logicalDatatype>
<ownDataTypeParameters>,,</ownDataTypeParameters>
</Attribute>
<Attribute name="NM_LOGIN" id="B7CED5FC-1D10-2D7B-7D62-0D862CC01089">
<createdBy>logonpflocal</createdBy>
<createdTime>2023-04-25 22:42:41 UTC</createdTime>
<ownerDesignName>Projeto_RHSTU_v3_Gabarito</ownerDesignName>
<engineerTo>
<item key="BD52EFD7-AD57-1D29-FBCE-37428351E3D1" value="true"/>
</engineerTo>
<useDomainConstraints>false</useDomainConstraints>
<use>1</use>
<logicalDatatype>LOGDT024</logicalDatatype>
<dataTypeSize>40</dataTypeSize>
<ownDataTypeParameters>40,,</ownDataTypeParameters>
</Attribute>
<Attribute name="DS_SENHA" id="CB6E1876-48A3-392A-4360-D2E10AAF088E">
<createdBy>logonpflocal</createdBy>
<createdTime>2023-04-25 22:42:41 UTC</createdTime>
<ownerDesignName>Projeto_RHSTU_v3_Gabarito</ownerDesignName>
<engineerTo>
<item key="BD52EFD7-AD57-1D29-FBCE-37428351E3D1" value="true"/>
</engineerTo>
<useDomainConstraints>false</useDomainConstraints>
<use>1</use>
<logicalDatatype>LOGDT024</logicalDatatype>
<dataTypeSize>30</dataTypeSize>
<ownDataTypeParameters>30,,</ownDataTypeParameters>
</Attribute>
<Attribute name="DT_INICIO" id="30C7D5A7-4D19-9E86-9A83-ADB9A8E60E2D">
<createdBy>logonpflocal</createdBy>
<createdTime>2023-04-25 22:47:21 UTC</createdTime>
<ownerDesignName>Projeto_RHSTU_v3_Gabarito</ownerDesignName>
<engineerTo>
<item key="BD52EFD7-AD57-1D29-FBCE-37428351E3D1" value="true"/>
</engineerTo>
<useDomainConstraints>false</useDomainConstraints>
<use>1</use>
<logicalDatatype>LOGDT007</logicalDatatype>
<ownDataTypeParameters>,,</ownDataTypeParameters>
</Attribute>
<Attribute name="DT_FIM" id="67B1F355-5A8B-EB35-C6FB-EFF21DD79A64">
<createdBy>logonpflocal</createdBy>
<createdTime>2023-04-25 22:47:31 UTC</createdTime>
<ownerDesignName>Projeto_RHSTU_v3_Gabarito</ownerDesignName>
<engineerTo>
<item key="BD52EFD7-AD57-1D29-FBCE-37428351E3D1" value="true"/>
</engineerTo>
<nullsAllowed>true</nullsAllowed>
<useDomainConstraints>false</useDomainConstraints>
<use>1</use>
<logicalDatatype>LOGDT007</logicalDatatype>
<ownDataTypeParameters>,,</ownDataTypeParameters>
</Attribute>
</attributes>
<identifiers itemClass="oracle.dbtools.crest.model.design.logical.CandidateKey">
<identifier id="FD9A614E-2A07-0EC9-7087-3D872F16B0D2" name="PK_RHSTU_PACIENTE">
<createdBy>logonpflocal</createdBy>
<createdTime>2023-04-25 22:42:41 UTC</createdTime>
<ownerDesignName>Projeto_RHSTU_v3_Gabarito</ownerDesignName>
<engineerTo>
<item key="BD52EFD7-AD57-1D29-FBCE-37428351E3D1" value="true"/>
</engineerTo>
<pk>true</pk>
<usedAttributes>
<attributeRef>0A5A3C78-B94F-FBA1-05B0-1CC8946FBFCD</attributeRef>
</usedAttributes>
</identifier>
</identifiers>
</Entity>