<?xml version = '1.0' encoding = 'UTF-8'?>
<Entity class="oracle.dbtools.crest.model.design.logical.Entity" directorySegmentName="seg_0" id="F52635E0-7C40-CC38-2692-D926409716C6" name="T_RHSTU_MEDICAMENTO">
<createdBy>logonpflocal</createdBy>
<createdTime>2023-04-25 23:49:17 UTC</createdTime>
<ownerDesignName>Projeto_RHSTU_v3_Gabarito</ownerDesignName>
<engineerTo>
<item key="BD52EFD7-AD57-1D29-FBCE-37428351E3D1" value="true"/>
</engineerTo>
<adequatelyNormalized>NO</adequatelyNormalized>
<expectedVolumes>0</expectedVolumes>
<fwdEngineeringStrategyName>Single Table</fwdEngineeringStrategyName>
<growthPercent>0</growthPercent>
<growthType>Year</growthType>
<maxVolumes>9999999</maxVolumes>
<minVolumes>0</minVolumes>
<normalForm>Third</normalForm>
<attributes itemClass="oracle.dbtools.crest.model.design.logical.Attribute">
<Attribute name="ID_MEDICAMENTO" id="7FD6ADA5-07DC-3EC2-F10D-70D338FB9199">
<createdBy>logonpflocal</createdBy>
<createdTime>2023-04-25 23:49:17 UTC</createdTime>
<comment><![CDATA[Esse atributo irá receber a chave primária do medicamento. Esse número é sequencial e gerado automaticamente pelo sistema. Seu conteúdo é obrigatóri.]]></comment>
<commentInRDBMS><![CDATA[Esse atributo irá receber a chave primária do medicamento. Esse número é sequencial e gerado automaticamente pelo sistema. Seu conteúdo é obrigatóri]]></commentInRDBMS>
<ownerDesignName>Projeto_RHSTU_v3_Gabarito</ownerDesignName>
<engineerTo>
<item key="BD52EFD7-AD57-1D29-FBCE-37428351E3D1" value="true"/>
</engineerTo>
<useDomainConstraints>false</useDomainConstraints>
<use>1</use>
<logicalDatatype>LOGDT019</logicalDatatype>
<dataTypePrecision>9</dataTypePrecision>
<ownDataTypeParameters>,9,</ownDataTypeParameters>
</Attribute>
<Attribute name="DS_MEDICAMENTO" id="724FCE6E-810C-EA72-D4D9-D38229DF445A">
<createdBy>logonpflocal</createdBy>
<createdTime>2023-04-25 23:49:17 UTC</createdTime>
<comment><![CDATA[Esse atributo irá receber a descrição do medicamento.  Seu conteúdo é obrigatório.]]></comment>
<commentInRDBMS><![CDATA[Esse atributo irá receber a descrição do medicamento.  Seu conteúdo é obrigatório.]]></commentInRDBMS>
<ownerDesignName>Projeto_RHSTU_v3_Gabarito</ownerDesignName>
<engineerTo>
<item key="BD52EFD7-AD57-1D29-FBCE-37428351E3D1" value="true"/>
</engineerTo>
<useDomainConstraints>false</useDomainConstraints>
<use>1</use>
<logicalDatatype>LOGDT024</logicalDatatype>
<dataTypeSize>100</dataTypeSize>
<ownDataTypeParameters>100,,</ownDataTypeParameters>
</Attribute>
<Attribute name="ST_MEDICAMENTO" id="77282808-7080-D93B-7DCD-856C7407409B">
<createdBy>logonpflocal</createdBy>
<createdTime>2023-04-25 23:49:17 UTC</createdTime>
<comment><![CDATA[Esse atributo irá receber o status do medicamento.  Seu conteúdo é obrigatório e deve possuir os seguintes valores: (A)tivo ou (I)nativo.]]></comment>
<commentInRDBMS><![CDATA[Esse atributo irá receber o status do medicamento.  Seu conteúdo é obrigatório e deve possuir os seguintes valores: (A)tivo ou (I)nativo.]]></commentInRDBMS>
<ownerDesignName>Projeto_RHSTU_v3_Gabarito</ownerDesignName>
<engineerTo>
<item key="BD52EFD7-AD57-1D29-FBCE-37428351E3D1" value="true"/>
</engineerTo>
<useDomainConstraints>false</useDomainConstraints>
<use>1</use>
<logicalDatatype>LOGDT025</logicalDatatype>
<dataTypeSize>1</dataTypeSize>
<listOfValues>
<valueDef value="A" description="Ativo"/>
<valueDef value="I" description="Inativo"/>
</listOfValues>
<ownDataTypeParameters>1,,</ownDataTypeParameters>
</Attribute>
</attributes>
<identifiers itemClass="oracle.dbtools.crest.model.design.logical.CandidateKey">
<identifier id="DD7ECA29-9A7F-E422-8332-A91A8058F062" name="PK_RHSTU_VOUERRAR">
<createdBy>logonpflocal</createdBy>
<createdTime>2023-04-25 23:49:17 UTC</createdTime>
<ownerDesignName>Projeto_RHSTU_v3_Gabarito</ownerDesignName>
<engineerTo>
<item key="BD52EFD7-AD57-1D29-FBCE-37428351E3D1" value="true"/>
</engineerTo>
<pk>true</pk>
<newElementsIDs>7FD6ADA5-07DC-3EC2-F10D-70D338FB9199</newElementsIDs>
<usedAttributes>
<attributeRef>7FD6ADA5-07DC-3EC2-F10D-70D338FB9199</attributeRef>
</usedAttributes>
</identifier>
</identifiers>
</Entity>