<?xml version = '1.0' encoding = 'UTF-8'?>
<Diagram class="oracle.dbtools.crest.swingui.logical.DPVLogical" name="Logical" id="C93A317F-40C4-8454-609B-BA5EA143DC15">
<createdBy>Gustavo Padlipskas</createdBy>
<modifiedBy>Gustavo Padlipskas</modifiedBy>
<createdTime>2021-03-11 14:57:46 UTC</createdTime>
<autoRoute>false</autoRoute>
<boxInbox>true</boxInbox>
<showLegend>false</showLegend>
<showLabels>false</showLabels>
<showRelAttributes>false</showRelAttributes>
<gridEnabled>false</gridEnabled>
<showGrid>false</showGrid>
<diagramColor>-1</diagramColor>
<display>false</display>
<notation>2</notation>
<objectViews>
<OView class="oracle.dbtools.crest.swingui.logical.TVEntity" oid="18769CF3-C466-A3B0-D6B2-117C37DD35AC" otype="Entity" vid="11021F7B-64B4-92E6-25BD-82DFAA742873">
<hideElementsInCurrentOnly>false</hideElementsInCurrentOnly>
<bounds x="917" y="663" width="301" height="252"/>
</OView>
<OView class="oracle.dbtools.crest.swingui.logical.TVEntity" oid="18C3E9F2-CCE6-3957-A2DC-B29E7258B98C" otype="Entity" vid="7D1877E1-96DE-CA83-E989-E3191FE8704E">
<hideElementsInCurrentOnly>false</hideElementsInCurrentOnly>
<bounds x="905" y="999" width="304" height="243"/>
</OView>
<OView class="oracle.dbtools.crest.swingui.logical.TVEntity" oid="216EF873-FC9A-903B-1239-83336365D38C" otype="Entity" vid="75B76746-F95D-99E6-53F6-8C91FD097403">
<hideElementsInCurrentOnly>false</hideElementsInCurrentOnly>
<bounds x="503" y="32" width="304" height="148"/>
</OView>
<OView class="oracle.dbtools.crest.swingui.logical.TVEntity" oid="2E17E053-B7F9-61F5-7EE4-7762B7062211" otype="Entity" vid="A70E48F5-38D3-DEC5-8289-A275AEBCF97D">
<hideElementsInCurrentOnly>false</hideElementsInCurrentOnly>
<bounds x="2043" y="454" width="269" height="139"/>
<useCustomFormat>true</useCustomFormat>
<useDefaultColor>false</useDefaultColor>
<backgroundColor>-13159</backgroundColor>
<foregroundColor>-16776961</foregroundColor>
<fonts itemClass="oracle.dbtools.crest.model.design.FontObjectWr">
<FontObject>
<foType>Título</foType>
<fontStyle>1</fontStyle>
<colorRGB>-16776961</colorRGB>
</FontObject>
<FontObject>
<foType>Atributo</foType>
<colorRGB>-16777216</colorRGB>
</FontObject>
<FontObject>
<foType>Tipo de dados</foType>
<colorRGB>-16744448</colorRGB>
</FontObject>
<FontObject>
<foType>Elemento da Chave Primária</foType>
<colorRGB>-16776961</colorRGB>
</FontObject>
<FontObject>
<foType>Elemento da Chave Estrangeira</foType>
<colorRGB>-16777216</colorRGB>
</FontObject>
<FontObject>
<foType>Elemento de Chave Exclusiva</foType>
<colorRGB>-16776961</colorRGB>
</FontObject>
<FontObject>
<foType>NOT NULL</foType>
<colorRGB>-65536</colorRGB>
</FontObject>
<FontObject>
<foType>Chave</foType>
<colorRGB>-16777216</colorRGB>
</FontObject>
<FontObject>
<foType>Comentários</foType>
<colorRGB>-12566464</colorRGB>
</FontObject>
<FontObject>
<foType>Title</foType>
<fontStyle>1</fontStyle>
<colorRGB>-16776961</colorRGB>
<foTypeID>1</foTypeID>
</FontObject>
<FontObject>
<foType>Attribute</foType>
<colorRGB>-16777216</colorRGB>
<foTypeID>3</foTypeID>
</FontObject>
<FontObject>
<foType>PK Element</foType>
<colorRGB>-16776961</colorRGB>
<foTypeID>7</foTypeID>
</FontObject>
<FontObject>
<foType>Datatype</foType>
<colorRGB>-16744448</colorRGB>
<foTypeID>5</foTypeID>
</FontObject>
<FontObject>
<foType>FK Element</foType>
<colorRGB>-16777216</colorRGB>
<foTypeID>8</foTypeID>
</FontObject>
<FontObject>
<foType>Key</foType>
<colorRGB>-16777216</colorRGB>
<foTypeID>6</foTypeID>
</FontObject>
</fonts>
</OView>
<OView class="oracle.dbtools.crest.swingui.logical.TVEntity" oid="3A3A2170-F4E0-B495-5FE5-7434D99D7F9C" otype="Entity" vid="855A6654-5593-61F7-50A1-90765A1FBA4E">
<hideElementsInCurrentOnly>false</hideElementsInCurrentOnly>
<bounds x="500" y="662" width="317" height="263"/>
</OView>
<OView class="oracle.dbtools.crest.swingui.logical.TVEntity" oid="47C75438-70D2-DF01-1336-9771340E4070" otype="Entity" vid="A2C29CB3-EE06-73DF-4C74-2358EC6BF04D">
<hideElementsInCurrentOnly>false</hideElementsInCurrentOnly>
<bounds x="1687" y="997" width="319" height="229"/>
</OView>
<OView class="oracle.dbtools.crest.swingui.logical.TVEntity" oid="506DDC9A-FC9E-D13D-7FAD-ED571E3AEA46" otype="Entity" vid="17E983DE-37CB-93F1-22B4-D334D77A1EA5">
<hideElementsInCurrentOnly>false</hideElementsInCurrentOnly>
<bounds x="923" y="294" width="305" height="277"/>
</OView>
<OView class="oracle.dbtools.crest.swingui.logical.TVEntity" oid="62D01CD6-2F78-C150-EDE6-828E39ACBC85" otype="Entity" vid="DC79CE76-FFC9-949C-E922-6D94E493ABC2">
<hideElementsInCurrentOnly>false</hideElementsInCurrentOnly>
<bounds x="1314" y="360" width="301" height="213"/>
</OView>
<OView class="oracle.dbtools.crest.swingui.logical.TVEntity" oid="6AD84641-74C7-941E-D851-BC47522F588A" otype="Entity" vid="A8114C20-D698-ED50-3644-88C00B8C4A1A">
<hideElementsInCurrentOnly>false</hideElementsInCurrentOnly>
<bounds x="2042" y="267" width="264" height="136"/>
<useCustomFormat>true</useCustomFormat>
<useDefaultColor>false</useDefaultColor>
<backgroundColor>-13159</backgroundColor>
<foregroundColor>-16776961</foregroundColor>
<fonts itemClass="oracle.dbtools.crest.model.design.FontObjectWr">
<FontObject>
<foType>Título</foType>
<fontStyle>1</fontStyle>
<colorRGB>-16776961</colorRGB>
</FontObject>
<FontObject>
<foType>Atributo</foType>
<colorRGB>-16777216</colorRGB>
</FontObject>
<FontObject>
<foType>Tipo de dados</foType>
<colorRGB>-16744448</colorRGB>
</FontObject>
<FontObject>
<foType>Elemento da Chave Primária</foType>
<colorRGB>-16776961</colorRGB>
</FontObject>
<FontObject>
<foType>Elemento da Chave Estrangeira</foType>
<colorRGB>-16777216</colorRGB>
</FontObject>
<FontObject>
<foType>Elemento de Chave Exclusiva</foType>
<colorRGB>-16776961</colorRGB>
</FontObject>
<FontObject>
<foType>NOT NULL</foType>
<colorRGB>-65536</colorRGB>
</FontObject>
<FontObject>
<foType>Chave</foType>
<colorRGB>-16777216</colorRGB>
</FontObject>
<FontObject>
<foType>Comentários</foType>
<colorRGB>-12566464</colorRGB>
</FontObject>
<FontObject>
<foType>Title</foType>
<fontStyle>1</fontStyle>
<colorRGB>-16776961</colorRGB>
<foTypeID>1</foTypeID>
</FontObject>
<FontObject>
<foType>Attribute</foType>
<colorRGB>-16777216</colorRGB>
<foTypeID>3</foTypeID>
</FontObject>
<FontObject>
<foType>PK Element</foType>
<colorRGB>-16776961</colorRGB>
<foTypeID>7</foTypeID>
</FontObject>
<FontObject>
<foType>Datatype</foType>
<colorRGB>-16744448</colorRGB>
<foTypeID>5</foTypeID>
</FontObject>
<FontObject>
<foType>FK Element</foType>
<colorRGB>-16777216</colorRGB>
<foTypeID>8</foTypeID>
</FontObject>
<FontObject>
<foType>Key</foType>
<colorRGB>-16777216</colorRGB>
<foTypeID>6</foTypeID>
</FontObject>
</fonts>
</OView>
<OView class="oracle.dbtools.crest.swingui.logical.TVEntity" oid="79FBD333-97B5-26FB-F3CD-B6821A0B646F" otype="Entity" vid="414E520C-83AE-C2A1-20B6-AFF16E92D369">
<hideElementsInCurrentOnly>false</hideElementsInCurrentOnly>
<bounds x="922" y="31" width="301" height="149"/>
</OView>
<OView class="oracle.dbtools.crest.swingui.logical.TVEntity" oid="7F97AFCE-66B0-EFFB-374D-972A410BD8AB" otype="Entity" vid="3DF90A5B-6C7B-1E3A-B0C9-77F72F8CEFD2">
<hideElementsInCurrentOnly>false</hideElementsInCurrentOnly>
<bounds x="2039" y="74" width="270" height="131"/>
<useCustomFormat>true</useCustomFormat>
<useDefaultColor>false</useDefaultColor>
<backgroundColor>-13159</backgroundColor>
<foregroundColor>-16776961</foregroundColor>
<fonts itemClass="oracle.dbtools.crest.model.design.FontObjectWr">
<FontObject>
<foType>Título</foType>
<fontStyle>1</fontStyle>
<colorRGB>-16776961</colorRGB>
</FontObject>
<FontObject>
<foType>Atributo</foType>
<colorRGB>-16777216</colorRGB>
</FontObject>
<FontObject>
<foType>Tipo de dados</foType>
<colorRGB>-16744448</colorRGB>
</FontObject>
<FontObject>
<foType>Elemento da Chave Primária</foType>
<colorRGB>-16776961</colorRGB>
</FontObject>
<FontObject>
<foType>Elemento da Chave Estrangeira</foType>
<colorRGB>-16777216</colorRGB>
</FontObject>
<FontObject>
<foType>Elemento de Chave Exclusiva</foType>
<colorRGB>-16776961</colorRGB>
</FontObject>
<FontObject>
<foType>NOT NULL</foType>
<colorRGB>-65536</colorRGB>
</FontObject>
<FontObject>
<foType>Chave</foType>
<colorRGB>-16777216</colorRGB>
</FontObject>
<FontObject>
<foType>Comentários</foType>
<colorRGB>-12566464</colorRGB>
</FontObject>
<FontObject>
<foType>Title</foType>
<fontStyle>1</fontStyle>
<colorRGB>-16776961</colorRGB>
<foTypeID>1</foTypeID>
</FontObject>
<FontObject>
<foType>Attribute</foType>
<colorRGB>-16777216</colorRGB>
<foTypeID>3</foTypeID>
</FontObject>
<FontObject>
<foType>PK Element</foType>
<colorRGB>-16776961</colorRGB>
<foTypeID>7</foTypeID>
</FontObject>
<FontObject>
<foType>Datatype</foType>
<colorRGB>-16744448</colorRGB>
<foTypeID>5</foTypeID>
</FontObject>
<FontObject>
<foType>Key</foType>
<colorRGB>-16777216</colorRGB>
<foTypeID>6</foTypeID>
</FontObject>
</fonts>
</OView>
<OView class="oracle.dbtools.crest.swingui.logical.TVEntity" oid="85CAD287-3E42-1ED8-4319-9C4626D20861" otype="Entity" vid="B102563F-C22D-CA27-6EF2-175ECF5FF1F8">
<hideElementsInCurrentOnly>false</hideElementsInCurrentOnly>
<bounds x="1306" y="30" width="301" height="152"/>
</OView>
<OView class="oracle.dbtools.crest.swingui.TVNote" oid="85D1CBFA-1EB5-3B32-1365-22AA201481E3" otype="Note" vid="26AC02A3-FF41-873E-27CA-AB026F3D9BD7">
<hideElementsInCurrentOnly>false</hideElementsInCurrentOnly>
<bounds x="15" y="36" width="368" height="147"/>
<useCustomFormat>true</useCustomFormat>
<useDefaultColor>false</useDefaultColor>
<backgroundColor>-13210</backgroundColor>
<foregroundColor>-16777216</foregroundColor>
<comment>PROJETO PRONTO SOCORRO
REDE DE HOSPITAL SOMOS TODOS UM!</comment>
<fonts itemClass="oracle.dbtools.crest.model.design.FontObjectWr">
<FontObject>
<foType>Título</foType>
<fontName>Arial Black</fontName>
<fontSize>20</fontSize>
<colorRGB>-16777216</colorRGB>
</FontObject>
<FontObject>
<foType>Title</foType>
<colorRGB>-16777216</colorRGB>
<foTypeID>1</foTypeID>
</FontObject>
</fonts>
</OView>
<OView class="oracle.dbtools.crest.swingui.logical.TVEntity" oid="864C229A-3313-20B9-772E-44B9A71B130D" otype="Entity" vid="81F1C703-1A6A-9A34-016C-1D18187BA815">
<hideElementsInCurrentOnly>false</hideElementsInCurrentOnly>
<bounds x="139" y="369" width="301" height="203"/>
</OView>
<OView class="oracle.dbtools.crest.swingui.logical.TVEntity" oid="8A769596-8442-81C5-8E8B-9FFE4C17B2D7" otype="Entity" vid="7C2D53D1-D87C-C804-DC36-6A608C41A322">
<hideElementsInCurrentOnly>false</hideElementsInCurrentOnly>
<bounds x="1278" y="993" width="306" height="238"/>
</OView>
<OView class="oracle.dbtools.crest.swingui.logical.TVEntity" oid="8AC7DE7A-2691-50B2-B820-EE581E007258" otype="Entity" vid="1C0F01A1-AF40-E603-84C7-186B02119D84">
<hideElementsInCurrentOnly>false</hideElementsInCurrentOnly>
<bounds x="135" y="657" width="304" height="266"/>
</OView>
<OView class="oracle.dbtools.crest.swingui.logical.TVEntity" oid="8CEFD8F1-85D7-C262-05F2-A8DFF9A8B2DA" otype="Entity" vid="D7C4694E-7009-5159-21AE-DC3CE5E4AE80">
<hideElementsInCurrentOnly>false</hideElementsInCurrentOnly>
<bounds x="518" y="368" width="307" height="204"/>
</OView>
<OView class="oracle.dbtools.crest.swingui.logical.TVEntity" oid="DA8507DF-B850-4553-0F39-A8F35EA457C5" otype="Entity" vid="FCBF0487-9DA7-B7E9-BEA2-084449062C66">
<hideElementsInCurrentOnly>false</hideElementsInCurrentOnly>
<bounds x="468" y="994" width="304" height="243"/>
</OView>
<OView class="oracle.dbtools.crest.swingui.logical.TVEntity" oid="EF36AE33-0C04-3207-A42D-300BDBCD0474" otype="Entity" vid="13C0B371-D802-108C-8C6A-7949804F43F1">
<hideElementsInCurrentOnly>false</hideElementsInCurrentOnly>
<bounds x="1718" y="405" width="269" height="287"/>
<useCustomFormat>true</useCustomFormat>
<useDefaultColor>false</useDefaultColor>
<backgroundColor>-13159</backgroundColor>
<foregroundColor>-16776961</foregroundColor>
<fonts itemClass="oracle.dbtools.crest.model.design.FontObjectWr">
<FontObject>
<foType>Título</foType>
<fontStyle>1</fontStyle>
<colorRGB>-16776961</colorRGB>
</FontObject>
<FontObject>
<foType>Atributo</foType>
<colorRGB>-16777216</colorRGB>
</FontObject>
<FontObject>
<foType>Tipo de dados</foType>
<colorRGB>-16744448</colorRGB>
</FontObject>
<FontObject>
<foType>Elemento da Chave Primária</foType>
<colorRGB>-16776961</colorRGB>
</FontObject>
<FontObject>
<foType>Elemento da Chave Estrangeira</foType>
<colorRGB>-16777216</colorRGB>
</FontObject>
<FontObject>
<foType>Elemento de Chave Exclusiva</foType>
<colorRGB>-16776961</colorRGB>
</FontObject>
<FontObject>
<foType>NOT NULL</foType>
<colorRGB>-65536</colorRGB>
</FontObject>
<FontObject>
<foType>Chave</foType>
<colorRGB>-16777216</colorRGB>
</FontObject>
<FontObject>
<foType>Comentários</foType>
<colorRGB>-12566464</colorRGB>
</FontObject>
<FontObject>
<foType>Title</foType>
<fontStyle>1</fontStyle>
<colorRGB>-16776961</colorRGB>
<foTypeID>1</foTypeID>
</FontObject>
<FontObject>
<foType>Attribute</foType>
<colorRGB>-16777216</colorRGB>
<foTypeID>3</foTypeID>
</FontObject>
<FontObject>
<foType>PK Element</foType>
<colorRGB>-16776961</colorRGB>
<foTypeID>7</foTypeID>
</FontObject>
<FontObject>
<foType>Datatype</foType>
<colorRGB>-16744448</colorRGB>
<foTypeID>5</foTypeID>
</FontObject>
<FontObject>
<foType>FK Element</foType>
<colorRGB>-16777216</colorRGB>
<foTypeID>8</foTypeID>
</FontObject>
<FontObject>
<foType>Key</foType>
<colorRGB>-16777216</colorRGB>
<foTypeID>6</foTypeID>
</FontObject>
</fonts>
</OView>
<OView class="oracle.dbtools.crest.swingui.logical.TVEntity" oid="F52635E0-7C40-CC38-2692-D926409716C6" otype="Entity" vid="78377B33-DE2F-E5BB-3A2C-99F77F02005A">
<hideElementsInCurrentOnly>false</hideElementsInCurrentOnly>
<bounds x="125" y="987" width="289" height="155"/>
<useDefaultColor>false</useDefaultColor>
<backgroundColor>-39220</backgroundColor>
<foregroundColor>-16776961</foregroundColor>
</OView>
</objectViews>
<connectors>
<Connector class="oracle.dbtools.crest.swingui.logical.TVRelation" oid="00937B56-D660-E49B-4F6F-FF10047E7B30" otype="Relation" vid_source="17E983DE-37CB-93F1-22B4-D334D77A1EA5" vid_target="B102563F-C22D-CA27-6EF2-175ECF5FF1F8">
<hideElementsInCurrentOnly>false</hideElementsInCurrentOnly>
<backgroundColor>-16777216</backgroundColor>
<lineWidth>1</lineWidth>
<points>
<point x="1228" y="321"/>
<point x="1452" y="321"/>
<point x="1452" y="182"/>
</points>
</Connector>
<Connector class="oracle.dbtools.crest.swingui.logical.TVRelation" oid="12308B94-8306-62F2-157F-3CE823F485DA" otype="Relation" vid_source="13C0B371-D802-108C-8C6A-7949804F43F1" vid_target="A2C29CB3-EE06-73DF-4C74-2358EC6BF04D">
<hideElementsInCurrentOnly>false</hideElementsInCurrentOnly>
<backgroundColor>-16777216</backgroundColor>
<lineWidth>1</lineWidth>
<points>
<point x="1852" y="692"/>
<point x="1852" y="997"/>
</points>
</Connector>
<Connector class="oracle.dbtools.crest.swingui.logical.TVRelation" oid="35FB7FDE-E354-D97E-FC8D-F605DDC19E68" otype="Relation" vid_source="7D1877E1-96DE-CA83-E989-E3191FE8704E" vid_target="11021F7B-64B4-92E6-25BD-82DFAA742873">
<hideElementsInCurrentOnly>false</hideElementsInCurrentOnly>
<backgroundColor>-16777216</backgroundColor>
<lineWidth>1</lineWidth>
<points>
<point x="1063" y="999"/>
<point x="1063" y="915"/>
</points>
</Connector>
<Connector class="oracle.dbtools.crest.swingui.logical.TVRelation" oid="37A543E5-E7E4-F0F3-EEE2-79E8573E6D9F" otype="Relation" vid_source="7C2D53D1-D87C-C804-DC36-6A608C41A322" vid_target="A2C29CB3-EE06-73DF-4C74-2358EC6BF04D">
<hideElementsInCurrentOnly>false</hideElementsInCurrentOnly>
<backgroundColor>-16777216</backgroundColor>
<lineWidth>1</lineWidth>
<points>
<point x="1584" y="1111"/>
<point x="1687" y="1111"/>
</points>
</Connector>
<Connector class="oracle.dbtools.crest.swingui.logical.TVRelation" oid="54CDCB43-0C82-3FE0-62AF-0BECCF2B97F7" otype="Relation" vid_source="17E983DE-37CB-93F1-22B4-D334D77A1EA5" vid_target="414E520C-83AE-C2A1-20B6-AFF16E92D369">
<hideElementsInCurrentOnly>false</hideElementsInCurrentOnly>
<backgroundColor>-16777216</backgroundColor>
<lineWidth>1</lineWidth>
<points>
<point x="1073" y="294"/>
<point x="1073" y="180"/>
</points>
</Connector>
<Connector class="oracle.dbtools.crest.swingui.logical.TVRelation" oid="595B6052-021D-6629-CE83-717C4DCCE2C4" otype="Relation" vid_source="17E983DE-37CB-93F1-22B4-D334D77A1EA5" vid_target="D7C4694E-7009-5159-21AE-DC3CE5E4AE80">
<hideElementsInCurrentOnly>false</hideElementsInCurrentOnly>
<backgroundColor>-16777216</backgroundColor>
<lineWidth>1</lineWidth>
<points>
<point x="923" y="469"/>
<point x="825" y="469"/>
</points>
</Connector>
<Connector class="oracle.dbtools.crest.swingui.logical.TVRelation" oid="6177A758-C962-F731-DD11-84E24402812C" otype="Relation" vid_source="13C0B371-D802-108C-8C6A-7949804F43F1" vid_target="DC79CE76-FFC9-949C-E922-6D94E493ABC2">
<hideElementsInCurrentOnly>false</hideElementsInCurrentOnly>
<backgroundColor>-16777216</backgroundColor>
<lineWidth>1</lineWidth>
<points>
<point x="1718" y="489"/>
<point x="1615" y="489"/>
</points>
</Connector>
<Connector class="oracle.dbtools.crest.swingui.logical.TVRelation" oid="7A44CA83-2567-601B-3A93-654A32B8C4FE" otype="Relation" vid_source="3DF90A5B-6C7B-1E3A-B0C9-77F72F8CEFD2" vid_target="A8114C20-D698-ED50-3644-88C00B8C4A1A">
<hideElementsInCurrentOnly>false</hideElementsInCurrentOnly>
<backgroundColor>-16777216</backgroundColor>
<lineWidth>1</lineWidth>
<points>
<point x="2174" y="205"/>
<point x="2174" y="267"/>
</points>
</Connector>
<Connector class="oracle.dbtools.crest.swingui.logical.TVRelation" oid="83BC7EA7-6D03-AC7A-008D-4D367556E642" otype="Relation" vid_source="11021F7B-64B4-92E6-25BD-82DFAA742873" vid_target="855A6654-5593-61F7-50A1-90765A1FBA4E">
<hideElementsInCurrentOnly>false</hideElementsInCurrentOnly>
<backgroundColor>-16777216</backgroundColor>
<lineWidth>1</lineWidth>
<points>
<point x="917" y="789"/>
<point x="817" y="789"/>
</points>
</Connector>
<Connector class="oracle.dbtools.crest.swingui.logical.TVRelation" oid="8785455A-8AA1-E96C-081D-C957EC100EDE" otype="Relation" vid_source="FCBF0487-9DA7-B7E9-BEA2-084449062C66" vid_target="7D1877E1-96DE-CA83-E989-E3191FE8704E">
<hideElementsInCurrentOnly>false</hideElementsInCurrentOnly>
<backgroundColor>-16777216</backgroundColor>
<lineWidth>1</lineWidth>
<points>
<point x="772" y="1118"/>
<point x="905" y="1118"/>
</points>
</Connector>
<Connector class="oracle.dbtools.crest.swingui.logical.TVRelation" oid="99407896-E6CC-4E96-B839-74A2084EF30F" otype="Relation" vid_source="7C2D53D1-D87C-C804-DC36-6A608C41A322" vid_target="7D1877E1-96DE-CA83-E989-E3191FE8704E">
<hideElementsInCurrentOnly>false</hideElementsInCurrentOnly>
<backgroundColor>-16777216</backgroundColor>
<lineWidth>1</lineWidth>
<points>
<point x="1278" y="1130"/>
<point x="1209" y="1130"/>
</points>
</Connector>
<Connector class="oracle.dbtools.crest.swingui.logical.TVRelation" oid="9ECAB378-BF95-E1A1-BFC1-AFA2A78645CD" otype="Relation" vid_source="17E983DE-37CB-93F1-22B4-D334D77A1EA5" vid_target="75B76746-F95D-99E6-53F6-8C91FD097403">
<hideElementsInCurrentOnly>false</hideElementsInCurrentOnly>
<backgroundColor>-16777216</backgroundColor>
<lineWidth>1</lineWidth>
<points>
<point x="923" y="321"/>
<point x="633" y="321"/>
<point x="633" y="180"/>
</points>
</Connector>
<Connector class="oracle.dbtools.crest.swingui.logical.TVRelation" oid="B99331BB-0605-C347-7BB9-BF08521D724D" otype="Relation" vid_source="17E983DE-37CB-93F1-22B4-D334D77A1EA5" vid_target="DC79CE76-FFC9-949C-E922-6D94E493ABC2">
<hideElementsInCurrentOnly>false</hideElementsInCurrentOnly>
<backgroundColor>-16777216</backgroundColor>
<lineWidth>1</lineWidth>
<points>
<point x="1228" y="465"/>
<point x="1314" y="465"/>
</points>
</Connector>
<Connector class="oracle.dbtools.crest.swingui.logical.TVRelation" oid="C31FED11-1D9C-9238-DF35-C2367D31CAF5" otype="Relation" vid_source="A8114C20-D698-ED50-3644-88C00B8C4A1A" vid_target="A70E48F5-38D3-DEC5-8289-A275AEBCF97D">
<hideElementsInCurrentOnly>false</hideElementsInCurrentOnly>
<backgroundColor>-16777216</backgroundColor>
<lineWidth>1</lineWidth>
<points>
<point x="2174" y="403"/>
<point x="2174" y="454"/>
</points>
</Connector>
<Connector class="oracle.dbtools.crest.swingui.logical.TVRelation" oid="D4E7F7BD-CBA3-AB94-F7D9-A5965B371B91" otype="Relation" vid_source="1C0F01A1-AF40-E603-84C7-186B02119D84" vid_target="855A6654-5593-61F7-50A1-90765A1FBA4E">
<hideElementsInCurrentOnly>false</hideElementsInCurrentOnly>
<backgroundColor>-16777216</backgroundColor>
<lineWidth>1</lineWidth>
<points>
<point x="439" y="792"/>
<point x="500" y="792"/>
</points>
</Connector>
<Connector class="oracle.dbtools.crest.swingui.logical.TVRelation" oid="DBB65F97-DD23-AFDD-4633-4CB296E35174" otype="Relation" vid_source="A70E48F5-38D3-DEC5-8289-A275AEBCF97D" vid_target="13C0B371-D802-108C-8C6A-7949804F43F1">
<hideElementsInCurrentOnly>false</hideElementsInCurrentOnly>
<backgroundColor>-16777216</backgroundColor>
<lineWidth>1</lineWidth>
<points>
<point x="2043" y="523"/>
<point x="1987" y="523"/>
</points>
</Connector>
<Connector class="oracle.dbtools.crest.swingui.logical.TVRelation" oid="E336AA27-F52F-FF06-C9D1-54A08A0B312F" otype="Relation" vid_source="81F1C703-1A6A-9A34-016C-1D18187BA815" vid_target="D7C4694E-7009-5159-21AE-DC3CE5E4AE80">
<hideElementsInCurrentOnly>false</hideElementsInCurrentOnly>
<backgroundColor>-16777216</backgroundColor>
<lineWidth>1</lineWidth>
<points>
<point x="440" y="470"/>
<point x="518" y="470"/>
</points>
</Connector>
<Connector class="oracle.dbtools.crest.swingui.logical.TVRelation" oid="E3F54BF6-6525-6B71-2D08-F3FA424A03F1" otype="Relation" vid_source="17E983DE-37CB-93F1-22B4-D334D77A1EA5" vid_target="11021F7B-64B4-92E6-25BD-82DFAA742873">
<hideElementsInCurrentOnly>false</hideElementsInCurrentOnly>
<backgroundColor>-16777216</backgroundColor>
<lineWidth>1</lineWidth>
<points>
<point x="1070" y="571"/>
<point x="1070" y="663"/>
</points>
</Connector>
<Connector class="oracle.dbtools.crest.swingui.logical.TVRelation" oid="FE185C42-690A-3D64-A7FE-15570799E992" otype="Relation" vid_source="D7C4694E-7009-5159-21AE-DC3CE5E4AE80" vid_target="855A6654-5593-61F7-50A1-90765A1FBA4E">
<hideElementsInCurrentOnly>false</hideElementsInCurrentOnly>
<backgroundColor>-16777216</backgroundColor>
<lineWidth>1</lineWidth>
<points>
<point x="667" y="572"/>
<point x="667" y="662"/>
</points>
</Connector>
</connectors>
</Diagram>