<?xml version = '1.0' encoding = 'UTF-8'?>
<Table class="oracle.dbtools.crest.model.design.relational.Table" directorySegmentName="seg_0" id="06416CA8-6BEB-1588-777A-E102667FF5F9" name="T_RHSTU_PRESCICAO_MEDICA">
<createdBy>Gustavo Padlipskas</createdBy>
<createdTime>2022-08-08 20:42:05 UTC</createdTime>
<generatorID>D392555C-7206-A975-2B61-A8268A878BA6</generatorID>
<ownerDesignName>Projeto_RHSTU_v3_Gabarito</ownerDesignName>
<allowColumnReorder>false</allowColumnReorder>
<existDependencyGenerateInDDl>true</existDependencyGenerateInDDl>
<parsed>true</parsed>
<columns itemClass="oracle.dbtools.crest.model.design.relational.Column">
<Column name="ID_PRESCRICAO_MEDICA" id="651B4B51-9513-1D02-16D3-D230E77A4265">
<createdBy>Gustavo Padlipskas</createdBy>
<createdTime>2022-08-08 20:42:05 UTC</createdTime>
<generatorID>06450B3D-258A-9A48-AE2A-5E0D6CA8C185</generatorID>
<ownerDesignName>Projeto_RHSTU_v3_Gabarito</ownerDesignName>
<useDomainConstraints>false</useDomainConstraints>
<use>1</use>
<logicalDatatype>LOGDT019</logicalDatatype>
<ownDataTypeParameters>,,</ownDataTypeParameters>
<autoIncrementCycle>false</autoIncrementCycle>
</Column>
<Column name="ID_UNID_HOSPITAL" id="CED54231-89A7-BD3F-014C-1EEDA142E9B6">
<createdBy>Gustavo Padlipskas</createdBy>
<createdTime>2022-08-08 20:42:05 UTC</createdTime>
<comment><![CDATA[Esse atributo irá receber a chave primária da Unidade Hospitalar. Esse número é sequencia e gerado automaticamente pelo sistema. Seu conteúdo é obrigatório.]]></comment>
<generatorID>2A69C009-B838-E04E-4FF5-3DBE5E4EBA04</generatorID>
<ownerDesignName>Projeto_RHSTU_v3_Gabarito</ownerDesignName>
<useDomainConstraints>false</useDomainConstraints>
<use>1</use>
<logicalDatatype>LOGDT019</logicalDatatype>
<dataTypePrecision>9</dataTypePrecision>
<ownDataTypeParameters>,9,</ownDataTypeParameters>
<previousColumn>false</previousColumn>
<autoIncrementCycle>false</autoIncrementCycle>
<associations>
<colAssociation fkAssociation="C1D05B3E-708E-0F3A-0B6A-F3D545604082" referredColumn="EF73BF4B-5FA0-2B45-23B9-6F3057253E53"/>
</associations>
</Column>
<Column name="NR_CONSULTA" id="AF2FCCD3-D9A2-BCC2-04EF-77AF0ED19661">
<createdBy>Gustavo Padlipskas</createdBy>
<createdTime>2022-08-08 20:42:05 UTC</createdTime>
<generatorID>88C91FA8-2D56-602D-977A-466442B3F658</generatorID>
<ownerDesignName>Projeto_RHSTU_v3_Gabarito</ownerDesignName>
<useDomainConstraints>false</useDomainConstraints>
<use>1</use>
<logicalDatatype>LOGDT019</logicalDatatype>
<ownDataTypeParameters>,,</ownDataTypeParameters>
<previousColumn>false</previousColumn>
<autoIncrementCycle>false</autoIncrementCycle>
<associations>
<colAssociation fkAssociation="C1D05B3E-708E-0F3A-0B6A-F3D545604082" referredColumn="A5359A58-0B99-AC1C-5BF6-AFC17F4F34DA"/>
</associations>
</Column>
<Column name="ID_MEDICAMENTO" id="63B2D5E2-7CA2-5B08-CD2C-F85C792B30C4">
<createdBy>Gustavo Padlipskas</createdBy>
<createdTime>2022-08-08 20:42:05 UTC</createdTime>
<generatorID>51247351-12CE-622C-F252-6F6E4EDBC3FA</generatorID>
<ownerDesignName>Projeto_RHSTU_v3_Gabarito</ownerDesignName>
<useDomainConstraints>false</useDomainConstraints>
<use>1</use>
<logicalDatatype>LOGDT019</logicalDatatype>
<ownDataTypeParameters>,,</ownDataTypeParameters>
<previousColumn>false</previousColumn>
<autoIncrementCycle>false</autoIncrementCycle>
<associations>
<colAssociation fkAssociation="1F1774CD-104A-8FBD-CCA6-5DE8DC6C28A9" referredColumn="1040BECF-CC78-8DD2-F320-6A39811CF759"/>
</associations>
</Column>
<Column name="DS_POSOLOGIA" id="24DE3C09-B26D-EA1F-A92E-746278E54775">
<createdBy>Gustavo Padlipskas</createdBy>
<createdTime>2022-08-08 20:42:05 UTC</createdTime>
<generatorID>BEA532CF-A4B1-B5C3-B589-A6CC5BEDF284</generatorID>
<ownerDesignName>Projeto_RHSTU_v3_Gabarito</ownerDesignName>
<useDomainConstraints>false</useDomainConstraints>
<use>1</use>
<logicalDatatype>LOGDT024</logicalDatatype>
<dataTypeSize>150</dataTypeSize>
<ownDataTypeParameters>150,,</ownDataTypeParameters>
<autoIncrementCycle>false</autoIncrementCycle>
</Column>
<Column name="DS_VIA" id="8BD18FF1-13FF-5D5C-3142-3667B8C382E3">
<createdBy>Gustavo Padlipskas</createdBy>
<createdTime>2022-08-08 20:42:05 UTC</createdTime>
<generatorID>CCA1487C-3E75-48FF-4219-E9538B0053A5</generatorID>
<ownerDesignName>Projeto_RHSTU_v3_Gabarito</ownerDesignName>
<useDomainConstraints>false</useDomainConstraints>
<use>1</use>
<logicalDatatype>LOGDT024</logicalDatatype>
<dataTypeSize>40</dataTypeSize>
<ownDataTypeParameters>40,,</ownDataTypeParameters>
<autoIncrementCycle>false</autoIncrementCycle>
</Column>
<Column name="DS_OBSERVACAO_USO" id="59DA3F9E-7311-0549-9809-3E08A9B75D16">
<createdBy>Gustavo Padlipskas</createdBy>
<createdTime>2022-08-08 20:42:05 UTC</createdTime>
<generatorID>29516629-E8F4-0DF0-1A75-070FEAC6367F</generatorID>
<ownerDesignName>Projeto_RHSTU_v3_Gabarito</ownerDesignName>
<nullsAllowed>true</nullsAllowed>
<useDomainConstraints>false</useDomainConstraints>
<use>1</use>
<logicalDatatype>LOGDT024</logicalDatatype>
<dataTypeSize>100</dataTypeSize>
<ownDataTypeParameters>100,,</ownDataTypeParameters>
<autoIncrementCycle>false</autoIncrementCycle>
</Column>
<Column name="QT_MEDICAMENTO" id="06CF5C41-16EA-26A9-8ADC-66FE680DE5CE">
<createdBy>Gustavo Padlipskas</createdBy>
<createdTime>2022-08-08 20:42:05 UTC</createdTime>
<generatorID>0B9BB64A-5932-18FA-DA89-C9EAC303F72A</generatorID>
<ownerDesignName>Projeto_RHSTU_v3_Gabarito</ownerDesignName>
<nullsAllowed>true</nullsAllowed>
<useDomainConstraints>false</useDomainConstraints>
<use>1</use>
<logicalDatatype>LOGDT019</logicalDatatype>
<dataTypePrecision>10</dataTypePrecision>
<dataTypeScale>4</dataTypeScale>
<ownDataTypeParameters>,10,4</ownDataTypeParameters>
<autoIncrementCycle>false</autoIncrementCycle>
</Column>
</columns>
<indexes itemClass="oracle.dbtools.crest.model.design.relational.Index">
<ind_PK_UK id="57F94C92-64E3-7ED2-A6FD-35D1D6B0DC26" name="PK_RHSTU_PRESCICAO_MEDICA">
<createdBy>Gustavo Padlipskas</createdBy>
<createdTime>2022-08-08 20:42:05 UTC</createdTime>
<generatorID>4A73F3F3-7F8F-C401-A3E6-E44EA223D576</generatorID>
<ownerDesignName>Projeto_RHSTU_v3_Gabarito</ownerDesignName>
<pk>true</pk>
<indexState>Primary Constraint</indexState>
<isSurrogateKey>false</isSurrogateKey>
<indexColumnUsage>
<colUsage columnID="651B4B51-9513-1D02-16D3-D230E77A4265"/>
</indexColumnUsage>
</ind_PK_UK>
<ind_PK_UK id="AE884367-D1BA-5D0D-53E6-1D54586BCE15" name="FK_STU_CONSULTA_PRESC_MEDICA">
<createdBy>Gustavo Padlipskas</createdBy>
<createdTime>2022-08-08 20:42:05 UTC</createdTime>
<generatorID>83E26DE5-CFC7-0393-6E33-ADB73D0FD6E6</generatorID>
<ownerDesignName>Projeto_RHSTU_v3_Gabarito</ownerDesignName>
<indexState>Foreign Key</indexState>
<isSurrogateKey>false</isSurrogateKey>
<indexColumnUsage>
<colUsage columnID="AF2FCCD3-D9A2-BCC2-04EF-77AF0ED19661"/>
<colUsage columnID="CED54231-89A7-BD3F-014C-1EEDA142E9B6"/>
</indexColumnUsage>
</ind_PK_UK>
<ind_PK_UK id="971B1E95-AAED-6A55-4C9A-E453165B079A" name="FK_STU_MEDICAMENTO_PM">
<createdBy>Gustavo Padlipskas</createdBy>
<createdTime>2022-08-08 20:42:05 UTC</createdTime>
<generatorID>E71B8DAC-5B82-7B25-D969-CE67BC49AF03</generatorID>
<ownerDesignName>Projeto_RHSTU_v3_Gabarito</ownerDesignName>
<indexState>Foreign Key</indexState>
<isSurrogateKey>false</isSurrogateKey>
<indexColumnUsage>
<colUsage columnID="63B2D5E2-7CA2-5B08-CD2C-F85C792B30C4"/>
</indexColumnUsage>
</ind_PK_UK>
</indexes>
</Table>