<?xml version = '1.0' encoding = 'UTF-8'?>
<Table class="oracle.dbtools.crest.model.design.relational.Table" directorySegmentName="seg_0" id="0DB9D3D4-F5F6-404D-45DC-DEDB9EFEBF27" name="T_RHSTU_PLANO_SAUDE">
<createdBy>Gustavo Padlipskas</createdBy>
<createdTime>2022-08-08 20:42:05 UTC</createdTime>
<generatorID>79FECE95-CF66-DB38-4C06-AF9CA83F1DA9</generatorID>
<ownerDesignName>Projeto_RHSTU_v3_Gabarito</ownerDesignName>
<allowColumnReorder>false</allowColumnReorder>
<existDependencyGenerateInDDl>true</existDependencyGenerateInDDl>
<parsed>true</parsed>
<columns itemClass="oracle.dbtools.crest.model.design.relational.Column">
<Column name="ID_PLANO_SAUDE" id="C50AC571-D4C2-0159-EE56-C463A3A191A3">
<createdBy>Gustavo Padlipskas</createdBy>
<createdTime>2022-08-08 20:42:05 UTC</createdTime>
<comment><![CDATA[Esse atributo irá receber a chave primária do plano de saúde. Esse número é sequencial e gerado automaticamente pelo sistema. Seu conteúdo é obrigatório.]]></comment>
<commentInRDBMS><![CDATA[Esse atributo irá receber a chave primária do plano de saúde. Esse número é sequencial e gerado automaticamente pelo sistema. Seu conteúdo é obrigatório.]]></commentInRDBMS>
<generatorID>E40D7012-4CE7-F19C-25A9-4951C8D0B3B5</generatorID>
<ownerDesignName>Projeto_RHSTU_v3_Gabarito</ownerDesignName>
<useDomainConstraints>false</useDomainConstraints>
<use>1</use>
<logicalDatatype>LOGDT019</logicalDatatype>
<dataTypePrecision>5</dataTypePrecision>
<ownDataTypeParameters>,5,</ownDataTypeParameters>
<autoIncrementCycle>false</autoIncrementCycle>
</Column>
<Column name="DS_RAZAO_SOCIAL" id="23239DDD-3C6D-C521-1958-8CFEF3E5293B">
<createdBy>Gustavo Padlipskas</createdBy>
<createdTime>2022-08-08 20:42:05 UTC</createdTime>
<comment><![CDATA[Esse atributo irá receber Razão Social do plano de saúde aceito na RHSTU. Seu conteúdo é obrigatório.]]></comment>
<commentInRDBMS><![CDATA[Esse atributo irá receber Razão Social do plano de saúde aceito na RHSTU. Seu conteúdo é obrigatório.]]></commentInRDBMS>
<generatorID>3BD6BF87-0C20-C94A-70E3-02554EC05C3C</generatorID>
<ownerDesignName>Projeto_RHSTU_v3_Gabarito</ownerDesignName>
<useDomainConstraints>false</useDomainConstraints>
<use>1</use>
<logicalDatatype>LOGDT024</logicalDatatype>
<dataTypeSize>70</dataTypeSize>
<ownDataTypeParameters>70,,</ownDataTypeParameters>
<autoIncrementCycle>false</autoIncrementCycle>
</Column>
<Column name="NM_FANTASIA_PLANO_SAUDE" id="A4CF79B7-D908-2590-D920-87B0F7F1FC11">
<createdBy>Gustavo Padlipskas</createdBy>
<createdTime>2022-08-08 20:42:05 UTC</createdTime>
<comment><![CDATA[Esse atributo irá receber o nome Fantasia do plano de saúde aceito na RHSTU. Seu conteúdo é opcional.]]></comment>
<commentInRDBMS><![CDATA[Esse atributo irá receber o nome Fantasia do plano de saúde aceito na RHSTU. Seu conteúdo é opcional.]]></commentInRDBMS>
<generatorID>B179C357-52FE-133B-9AE7-60FFFEAD01BA</generatorID>
<ownerDesignName>Projeto_RHSTU_v3_Gabarito</ownerDesignName>
<nullsAllowed>true</nullsAllowed>
<useDomainConstraints>false</useDomainConstraints>
<use>1</use>
<logicalDatatype>LOGDT024</logicalDatatype>
<dataTypeSize>80</dataTypeSize>
<ownDataTypeParameters>80,,</ownDataTypeParameters>
<autoIncrementCycle>false</autoIncrementCycle>
</Column>
<Column name="DS_PLANO_SAUDE" id="93C4F550-266C-7191-CF5A-E10D6C6B8F16">
<createdBy>Gustavo Padlipskas</createdBy>
<createdTime>2022-08-08 20:42:05 UTC</createdTime>
<comment><![CDATA[Esse atributo irá receber a descrição do  plano de saúde aceito na RHSTU. Seu conteúdo é obrigatório.]]></comment>
<commentInRDBMS><![CDATA[Esse atributo irá receber a descrição do  plano de saúde aceito na RHSTU. Seu conteúdo é obrigatório.]]></commentInRDBMS>
<generatorID>975427DC-B8E4-13C3-A220-10810268B583</generatorID>
<ownerDesignName>Projeto_RHSTU_v3_Gabarito</ownerDesignName>
<useDomainConstraints>false</useDomainConstraints>
<use>1</use>
<logicalDatatype>LOGDT024</logicalDatatype>
<dataTypeSize>100</dataTypeSize>
<ownDataTypeParameters>100,,</ownDataTypeParameters>
<autoIncrementCycle>false</autoIncrementCycle>
</Column>
<Column name="NR_CNPJ" id="A44AFA3B-79D9-619E-6F9A-0114F6983B6B">
<createdBy>Gustavo Padlipskas</createdBy>
<createdTime>2022-08-08 20:42:05 UTC</createdTime>
<comment><![CDATA[Esse atributo irá receber o numero do CNPJ do plano de saúde aceito na RHSTU. Seu conteúdo é obrigatório.]]></comment>
<commentInRDBMS><![CDATA[Esse atributo irá receber o numero do CNPJ do plano de saúde aceito na RHSTU. Seu conteúdo é obrigatório.]]></commentInRDBMS>
<generatorID>E5F89278-8A88-476E-BC8E-B1C16BE37BEE</generatorID>
<ownerDesignName>Projeto_RHSTU_v3_Gabarito</ownerDesignName>
<useDomainConstraints>false</useDomainConstraints>
<use>1</use>
<logicalDatatype>LOGDT019</logicalDatatype>
<dataTypePrecision>14</dataTypePrecision>
<ownDataTypeParameters>,14,</ownDataTypeParameters>
<autoIncrementCycle>false</autoIncrementCycle>
</Column>
<Column name="NM_CONTATO" id="F4F4FA02-C88D-59B9-F895-CBCB2E5A9A28">
<createdBy>Gustavo Padlipskas</createdBy>
<createdTime>2022-08-08 20:42:05 UTC</createdTime>
<comment><![CDATA[Esse atributo irá receber o nome  do contato dentro do plano de saúde aceito na RHSTU. Seu conteúdo é obrigatório.]]></comment>
<commentInRDBMS><![CDATA[Esse atributo irá receber o nome  do contato dentro do plano de saúde aceito na RHSTU. Seu conteúdo é obrigatório.]]></commentInRDBMS>
<generatorID>0C21C6E8-AA7C-6AFE-0CCA-6FB5993DCBB5</generatorID>
<ownerDesignName>Projeto_RHSTU_v3_Gabarito</ownerDesignName>
<nullsAllowed>true</nullsAllowed>
<useDomainConstraints>false</useDomainConstraints>
<use>1</use>
<logicalDatatype>LOGDT024</logicalDatatype>
<dataTypeSize>30</dataTypeSize>
<ownDataTypeParameters>30,,</ownDataTypeParameters>
<autoIncrementCycle>false</autoIncrementCycle>
</Column>
<Column name="DS_TELEFONE" id="5D335BD1-D1DD-A7F7-E5B5-87617A3C9234">
<createdBy>Gustavo Padlipskas</createdBy>
<createdTime>2022-08-08 20:42:05 UTC</createdTime>
<comment><![CDATA[Esse atributo irá receber os dados do telefone para contato no plano de saúde aceito na RHSTU. Seu conteúdo é opcional.]]></comment>
<commentInRDBMS><![CDATA[Esse atributo irá receber os dados do telefone para contato no plano de saúde aceito na RHSTU. Seu conteúdo é opcional.]]></commentInRDBMS>
<generatorID>61D1993B-8D1D-CCD9-5EE6-924B2090D5CF</generatorID>
<ownerDesignName>Projeto_RHSTU_v3_Gabarito</ownerDesignName>
<nullsAllowed>true</nullsAllowed>
<useDomainConstraints>false</useDomainConstraints>
<use>1</use>
<logicalDatatype>LOGDT024</logicalDatatype>
<dataTypeSize>30</dataTypeSize>
<ownDataTypeParameters>30,,</ownDataTypeParameters>
<autoIncrementCycle>false</autoIncrementCycle>
</Column>
<Column name="DT_INICIO" id="20528832-A1A7-2E13-5D2B-5D5D39F72C96">
<createdBy>Gustavo Padlipskas</createdBy>
<createdTime>2022-08-08 20:42:05 UTC</createdTime>
<comment><![CDATA[Esse atributo irá receber a data de início para atendimento do plano de saúde aceito na RHSTU. Seu conteúdo é opcional.]]></comment>
<commentInRDBMS><![CDATA[Esse atributo irá receber a data de início para atendimento do plano de saúde aceito na RHSTU. Seu conteúdo é opcional.]]></commentInRDBMS>
<generatorID>2CBCBFFD-83CC-3BED-3A9D-73DB3F1D5F29</generatorID>
<ownerDesignName>Projeto_RHSTU_v3_Gabarito</ownerDesignName>
<useDomainConstraints>false</useDomainConstraints>
<use>1</use>
<logicalDatatype>LOGDT007</logicalDatatype>
<ownDataTypeParameters>,,</ownDataTypeParameters>
<autoIncrementCycle>false</autoIncrementCycle>
</Column>
<Column name="DT_FIM" id="1A2DD927-56DE-018C-266B-D2DF9BDD2405">
<createdBy>Gustavo Padlipskas</createdBy>
<createdTime>2022-08-08 20:42:05 UTC</createdTime>
<comment><![CDATA[Esse atributo irá receber a data de encerramento do plano de saúde aceito na RHSTU. Seu conteúdo é opcional.]]></comment>
<commentInRDBMS><![CDATA[Esse atributo irá receber a data de encerramento do plano de saúde aceito na RHSTU. Seu conteúdo é opcional.]]></commentInRDBMS>
<generatorID>08E2CB71-0533-734C-ABE8-F5DF6EF4CA04</generatorID>
<ownerDesignName>Projeto_RHSTU_v3_Gabarito</ownerDesignName>
<nullsAllowed>true</nullsAllowed>
<useDomainConstraints>false</useDomainConstraints>
<use>1</use>
<logicalDatatype>LOGDT007</logicalDatatype>
<ownDataTypeParameters>,,</ownDataTypeParameters>
<autoIncrementCycle>false</autoIncrementCycle>
</Column>
</columns>
<indexes itemClass="oracle.dbtools.crest.model.design.relational.Index">
<ind_PK_UK id="BA918F1D-2CFC-EE3D-DAA8-88B2FEE287D1" name="PK_RHSTU_PLANO_SAUDE">
<createdBy>Gustavo Padlipskas</createdBy>
<createdTime>2022-08-08 20:42:05 UTC</createdTime>
<generatorID>BEDCCAD8-64CB-CF32-3D30-ED85E07CAA9F</generatorID>
<ownerDesignName>Projeto_RHSTU_v3_Gabarito</ownerDesignName>
<pk>true</pk>
<indexState>Primary Constraint</indexState>
<isSurrogateKey>false</isSurrogateKey>
<indexColumnUsage>
<colUsage columnID="C50AC571-D4C2-0159-EE56-C463A3A191A3"/>
</indexColumnUsage>
</ind_PK_UK>
</indexes>
</Table>