<?xml version = '1.0' encoding = 'UTF-8'?>
<Table class="oracle.dbtools.crest.model.design.relational.Table" directorySegmentName="seg_0" id="7F17D853-82DB-A733-6042-AFA2EB705BAA" name="T_RHSTU_EMAIL_PACIENTE">
<createdBy>Gustavo Padlipskas</createdBy>
<createdTime>2022-08-08 20:42:05 UTC</createdTime>
<generatorID>11C4F666-7146-09BB-A761-EE3416058B88</generatorID>
<ownerDesignName>Projeto_RHSTU_v3_Gabarito</ownerDesignName>
<allowColumnReorder>false</allowColumnReorder>
<existDependencyGenerateInDDl>true</existDependencyGenerateInDDl>
<parsed>true</parsed>
<columns itemClass="oracle.dbtools.crest.model.design.relational.Column">
<Column name="ID_EMAIL" id="C596B9C5-D320-6BFC-3A48-13A6EE0AAB31">
<createdBy>Gustavo Padlipskas</createdBy>
<createdTime>2022-08-08 20:42:05 UTC</createdTime>
<comment><![CDATA[Esse atributo irá receber a chave primária do email do paciente. Esse número é sequencial e gerado automaticamente pelo sistema. Seu conteúdo é obrigatório.]]></comment>
<commentInRDBMS><![CDATA[Esse atributo irá receber a chave primária do email do paciente. Esse número é sequencial e gerado automaticamente pelo sistema. Seu conteúdo é obrigatório.]]></commentInRDBMS>
<generatorID>2D1E5EF8-0E6E-26B3-CDF5-5013F3B65A20</generatorID>
<ownerDesignName>Projeto_RHSTU_v3_Gabarito</ownerDesignName>
<useDomainConstraints>false</useDomainConstraints>
<use>1</use>
<logicalDatatype>LOGDT019</logicalDatatype>
<dataTypePrecision>9</dataTypePrecision>
<ownDataTypeParameters>,9,</ownDataTypeParameters>
<autoIncrementCycle>false</autoIncrementCycle>
</Column>
<Column name="ID_PACIENTE" id="68CE4B01-815F-96E6-DCCB-B55EADE090B9">
<createdBy>Gustavo Padlipskas</createdBy>
<createdTime>2022-08-08 20:42:05 UTC</createdTime>
<comment><![CDATA[Esse atributo irá receber a chave primária do paciente. Esse número é sequencial e gerado automaticamente pelo sistema. Seu conteúdo é obrigatório.]]></comment>
<commentInRDBMS><![CDATA[Esse atributo irá receber a chave primária do paciente. Esse número é sequencial e gerado automaticamente pelo sistema. Seu conteúdo é obrigatório.]]></commentInRDBMS>
<generatorID>50058C53-A392-9A49-A2A2-8F66CB47FD60</generatorID>
<ownerDesignName>Projeto_RHSTU_v3_Gabarito</ownerDesignName>
<useDomainConstraints>false</useDomainConstraints>
<use>1</use>
<logicalDatatype>LOGDT019</logicalDatatype>
<dataTypePrecision>9</dataTypePrecision>
<ownDataTypeParameters>,9,</ownDataTypeParameters>
<previousColumn>false</previousColumn>
<autoIncrementCycle>false</autoIncrementCycle>
<associations>
<colAssociation fkAssociation="A88BD0BF-2EF3-BC98-A109-BFBF7432AFB7" referredColumn="FF9E1A8F-60E6-2948-04A6-A087017D5681"/>
</associations>
</Column>
<Column name="DS_EMAIL" id="89C6D845-4FCB-EA9B-DDBD-071D2A52C5C6">
<createdBy>Gustavo Padlipskas</createdBy>
<createdTime>2022-08-08 20:42:05 UTC</createdTime>
<comment><![CDATA[Esse atributo irá receber o email do paciente.  Seu conteúdo é obrigatório.]]></comment>
<commentInRDBMS><![CDATA[Esse atributo irá receber o email do paciente.  Seu conteúdo é obrigatório.]]></commentInRDBMS>
<generatorID>B38701FA-27BF-B751-4419-9BBB23FE918E</generatorID>
<ownerDesignName>Projeto_RHSTU_v3_Gabarito</ownerDesignName>
<useDomainConstraints>false</useDomainConstraints>
<use>1</use>
<logicalDatatype>LOGDT024</logicalDatatype>
<dataTypeSize>100</dataTypeSize>
<ownDataTypeParameters>100,,</ownDataTypeParameters>
<autoIncrementCycle>false</autoIncrementCycle>
</Column>
<Column name="TP_EMAIL" id="076FCAF8-FDBA-5B2D-E6EC-1A0C3AECF3DE">
<createdBy>Gustavo Padlipskas</createdBy>
<createdTime>2022-08-08 20:42:05 UTC</createdTime>
<comment><![CDATA[Esse atributo irá receber o tipo email do paciente.  Seu conteúdo é obrigatório e deve possuir os seguintes valores: Pessoal ou Profissional.]]></comment>
<commentInRDBMS><![CDATA[Esse atributo irá receber o tipo email do paciente.  Seu conteúdo é obrigatório e deve possuir os seguintes valores: Pessoal ou Profissional.]]></commentInRDBMS>
<generatorID>A196748A-6C8E-302B-AEC4-3CD1C31B4AA4</generatorID>
<ownerDesignName>Projeto_RHSTU_v3_Gabarito</ownerDesignName>
<useDomainConstraints>false</useDomainConstraints>
<use>1</use>
<logicalDatatype>LOGDT024</logicalDatatype>
<dataTypeSize>20</dataTypeSize>
<ownDataTypeParameters>20,,</ownDataTypeParameters>
<autoIncrementCycle>false</autoIncrementCycle>
</Column>
<Column name="ST_EMAIL" id="450F56A4-4422-49B4-E6FC-138BA359B952">
<createdBy>Gustavo Padlipskas</createdBy>
<createdTime>2022-08-08 20:42:05 UTC</createdTime>
<comment><![CDATA[Esse atributo irá receber o status do email do paciente.  Seu conteúdo é obrigatório e deve possuir os seguintes valores: (A)tivo ou (I)nativo.]]></comment>
<commentInRDBMS><![CDATA[Esse atributo irá receber o status do email do paciente.  Seu conteúdo é obrigatório e deve possuir os seguintes valores: (A)tivo ou (I)nativo.]]></commentInRDBMS>
<generatorID>D2F55C51-B272-E783-93DA-C1BE3F4AF294</generatorID>
<ownerDesignName>Projeto_RHSTU_v3_Gabarito</ownerDesignName>
<constraintName>UK_RHSTU_STATUS_EMAIL_PAC</constraintName>
<useDomainConstraints>false</useDomainConstraints>
<use>1</use>
<logicalDatatype>LOGDT025</logicalDatatype>
<dataTypeSize>1</dataTypeSize>
<listOfValues>
<valueDef value="A" description="Email ativo do paciente"/>
<valueDef value="I" description="Email inativo do paciente"/>
</listOfValues>
<ownDataTypeParameters>1,,</ownDataTypeParameters>
<autoIncrementCycle>false</autoIncrementCycle>
</Column>
</columns>
<indexes itemClass="oracle.dbtools.crest.model.design.relational.Index">
<ind_PK_UK id="A9D912B2-C67C-63F3-A628-80A876BBBA7B" name="PK_RHSTU_EMAIL_PACIENTE">
<createdBy>Gustavo Padlipskas</createdBy>
<createdTime>2022-08-08 20:42:05 UTC</createdTime>
<generatorID>F1CBA93E-13C7-7787-36D1-38AD01726EB4</generatorID>
<ownerDesignName>Projeto_RHSTU_v3_Gabarito</ownerDesignName>
<pk>true</pk>
<indexState>Primary Constraint</indexState>
<isSurrogateKey>false</isSurrogateKey>
<indexColumnUsage>
<colUsage columnID="C596B9C5-D320-6BFC-3A48-13A6EE0AAB31"/>
</indexColumnUsage>
</ind_PK_UK>
<ind_PK_UK id="F3367AD8-3F6E-0AF4-6F66-9D6DD7620286" name="FK_RHSTU_PACIENTE_EMAIL">
<createdBy>Gustavo Padlipskas</createdBy>
<createdTime>2022-08-08 20:42:05 UTC</createdTime>
<generatorID>4A5CFF10-AE2B-B882-7CFA-1E589D821947</generatorID>
<ownerDesignName>Projeto_RHSTU_v3_Gabarito</ownerDesignName>
<indexState>Foreign Key</indexState>
<isSurrogateKey>false</isSurrogateKey>
<indexColumnUsage>
<colUsage columnID="68CE4B01-815F-96E6-DCCB-B55EADE090B9"/>
</indexColumnUsage>
</ind_PK_UK>
</indexes>
</Table>