<?xml version = '1.0' encoding = 'UTF-8'?>
<Table class="oracle.dbtools.crest.model.design.relational.Table" directorySegmentName="seg_0" id="F3D765AF-7A49-275A-AB55-FBA308330685" name="T_RHSTU_BAIRRO">
<createdBy>Gustavo Padlipskas</createdBy>
<createdTime>2022-08-08 20:42:05 UTC</createdTime>
<generatorID>2E17E053-B7F9-61F5-7EE4-7762B7062211</generatorID>
<ownerDesignName>Projeto_RHSTU_v3_Gabarito</ownerDesignName>
<allowColumnReorder>false</allowColumnReorder>
<existDependencyGenerateInDDl>true</existDependencyGenerateInDDl>
<parsed>true</parsed>
<columns itemClass="oracle.dbtools.crest.model.design.relational.Column">
<Column name="ID_BAIRRO" id="17208B2B-CF4C-EC12-B1A8-E2287F20D389">
<createdBy>Gustavo Padlipskas</createdBy>
<createdTime>2022-08-08 20:42:05 UTC</createdTime>
<comment><![CDATA[Esta coluna irá receber o codigo interno para garantir o cadastro dos  Bairros da Cidade do Estado do Brasil. Seu conteúdo é obrigatório e único será preenchido automaticamente pelo sistema.]]></comment>
<commentInRDBMS><![CDATA[Esta coluna irá receber o codigo interno para garantir o cadastro dos  Bairros da Cidade do Estado do Brasil. Seu conteúdo é obrigatório e único será preenchido automaticamente pelo sistema.]]></commentInRDBMS>
<generatorID>1ECB01D1-8E17-7B14-467D-D88496EA9B1D</generatorID>
<ownerDesignName>Projeto_RHSTU_v3_Gabarito</ownerDesignName>
<useDomainConstraints>false</useDomainConstraints>
<use>1</use>
<logicalDatatype>LOGDT019</logicalDatatype>
<dataTypePrecision>8</dataTypePrecision>
<ownDataTypeParameters>,8,</ownDataTypeParameters>
<autoIncrementCycle>false</autoIncrementCycle>
</Column>
<Column name="ID_CIDADE" id="A2F9FE29-069C-6B14-B71C-D2AFEFC59009">
<createdBy>Gustavo Padlipskas</createdBy>
<createdTime>2022-08-08 20:42:05 UTC</createdTime>
<comment><![CDATA[Esta coluna irá receber o codigo da cidade e seu conteúdo é obrigatório e será preenchido automaticamente pelo sistema.]]></comment>
<generatorID>5399781E-C2A3-BCDF-451E-1EFD251121BE</generatorID>
<ownerDesignName>Projeto_RHSTU_v3_Gabarito</ownerDesignName>
<useDomainConstraints>false</useDomainConstraints>
<use>1</use>
<logicalDatatype>LOGDT019</logicalDatatype>
<dataTypePrecision>8</dataTypePrecision>
<ownDataTypeParameters>,8,</ownDataTypeParameters>
<previousColumn>false</previousColumn>
<autoIncrementCycle>false</autoIncrementCycle>
<associations>
<colAssociation fkAssociation="0BC3AE0B-5A7D-440A-BBED-EF8500C45A8A" referredColumn="3F6E3E54-C27B-7F3F-FD47-044C9568BA19"/>
</associations>
</Column>
<Column name="NM_BAIRRO" id="C5E18DB3-D3EC-A05F-2FD0-C2D499AE6EB7">
<createdBy>Gustavo Padlipskas</createdBy>
<createdTime>2022-08-08 20:42:05 UTC</createdTime>
<comment><![CDATA[Esta coluna irá receber o nome do Bairro  pertencente Cidade do Estado Brasileiro. O padrão de armazenmento é  InitCap e seu conteúdo é obrigatório. Essa tabela já será preenchida pela área responsável. Novas inseções necessitam ser avaladas pelos gestores.]]></comment>
<commentInRDBMS><![CDATA[Esta coluna irá receber o nome do Bairro  pertencente Cidade do Estado Brasileiro. O padrão de armazenmento é  InitCap e seu conteúdo é obrigatório. Essa tabela já será preenchida pela área responsável. Novas inseções necessitam ser avaladas pelos gestores.]]></commentInRDBMS>
<generatorID>4F97E991-74E6-E464-55EA-37A7930FFA85</generatorID>
<ownerDesignName>Projeto_RHSTU_v3_Gabarito</ownerDesignName>
<useDomainConstraints>false</useDomainConstraints>
<use>1</use>
<logicalDatatype>LOGDT024</logicalDatatype>
<dataTypeSize>45</dataTypeSize>
<ownDataTypeParameters>45,,</ownDataTypeParameters>
<autoIncrementCycle>false</autoIncrementCycle>
</Column>
<Column name="NM_ZONA_BAIRRO" id="F08DC38B-E284-85F9-1195-AA5862A59600">
<createdBy>Gustavo Padlipskas</createdBy>
<createdTime>2022-08-08 20:42:05 UTC</createdTime>
<comment><![CDATA[Esta coluna irá receber a localização da zona onde se encontra o bairro. Alguns exemplos: Zona Norte, Zona Sul, Zona Leste, Zona Oeste, Centro.]]></comment>
<commentInRDBMS><![CDATA[Esta coluna irá receber a localização da zona onde se encontra o bairro. Alguns exemplos: Zona Norte, Zona Sul, Zona Leste, Zona Oeste, Centro.]]></commentInRDBMS>
<generatorID>AED56D9E-F500-3879-5B17-6C1B6C9AB61A</generatorID>
<ownerDesignName>Projeto_RHSTU_v3_Gabarito</ownerDesignName>
<constraintName>UK_T_PKD_BAIRRO_ZONA</constraintName>
<useDomainConstraints>false</useDomainConstraints>
<use>1</use>
<logicalDatatype>LOGDT024</logicalDatatype>
<dataTypeSize>20</dataTypeSize>
<listOfValues>
<valueDef value="CENTRO" description="Centro da Cidade"/>
<valueDef value="ZONA LESTE" description="Zona Leste da Cidade"/>
<valueDef value="ZONA NORTE" description="Zona Norte da Cidade"/>
<valueDef value="ZONA OESTE" description="Zona Oeste da Cidade"/>
<valueDef value="ZONA SUL" description="Zona Sul da Cidade"/>
</listOfValues>
<ownDataTypeParameters>20,,</ownDataTypeParameters>
<autoIncrementCycle>false</autoIncrementCycle>
</Column>
</columns>
<indexes itemClass="oracle.dbtools.crest.model.design.relational.Index">
<ind_PK_UK id="ECA6A5CB-2976-B16F-B04E-888257F9A74A" name="PK__RHSTU_BAIRRO">
<createdBy>Gustavo Padlipskas</createdBy>
<createdTime>2022-08-08 20:42:05 UTC</createdTime>
<generatorID>F6B8BB54-4882-D0D7-490B-E9F45AA700EE</generatorID>
<ownerDesignName>Projeto_RHSTU_v3_Gabarito</ownerDesignName>
<pk>true</pk>
<indexState>Primary Constraint</indexState>
<isSurrogateKey>false</isSurrogateKey>
<indexColumnUsage>
<colUsage columnID="17208B2B-CF4C-EC12-B1A8-E2287F20D389"/>
</indexColumnUsage>
</ind_PK_UK>
<ind_PK_UK id="6A2B9EC6-8585-90F6-6C9D-A39A007EF518" name="FK_PKD_CIDADE_BAIRRO">
<createdBy>Gustavo Padlipskas</createdBy>
<createdTime>2022-08-08 20:42:05 UTC</createdTime>
<generatorID>C31FED11-1D9C-9238-DF35-C2367D31CAF5</generatorID>
<ownerDesignName>Projeto_RHSTU_v3_Gabarito</ownerDesignName>
<indexState>Foreign Key</indexState>
<isSurrogateKey>false</isSurrogateKey>
<indexColumnUsage>
<colUsage columnID="A2F9FE29-069C-6B14-B71C-D2AFEFC59009"/>
</indexColumnUsage>
</ind_PK_UK>
</indexes>
</Table>