<?xml version = '1.0' encoding = 'UTF-8'?>
<FKIndexAssociation class="oracle.dbtools.crest.model.design.relational.FKIndexAssociation" directorySegmentName="seg_0" id="5198FD2E-F692-7397-2B64-66F2E5F45734" containerWithKeyObject="14DC936F-8F8E-E299-9CE8-E52D592A5756" localFKIndex="796BDC58-8578-2E4C-A7C5-0485C4D10289" name="FK_PACIENTE_ENDERECO">
<createdBy>Gustavo Padlipskas</createdBy>
<createdTime>2022-08-08 20:42:05 UTC</createdTime>
<generatorID>B99331BB-0605-C347-7BB9-BF08521D724D</generatorID>
<ownerDesignName>Projeto_RHSTU_v3_Gabarito</ownerDesignName>
<referredTableLongName>T_RHSTU_PACIENTE</referredTableLongName>
<deleteRule>NO ACTION</deleteRule>
<referredTableID>FB639644-CF03-597A-9E95-7931AD952ED1</referredTableID>
<keyObject>3F55400A-27D9-FB97-4003-4B6F3AE23F31</keyObject>
<referredKeyID>3F55400A-27D9-FB97-4003-4B6F3AE23F31</referredKeyID>
<mandatory>true</mandatory>
<refColNames>ID_PACIENTE</refColNames>
<transferable>true</transferable>
<rely>false</rely>
<columnDependencyConstraintGenerateInDDL>true</columnDependencyConstraintGenerateInDDL>
</FKIndexAssociation>