<?xml version = '1.0' encoding = 'UTF-8'?>
<Relation class="oracle.dbtools.crest.model.design.logical.Relation" name="OPA_VOU_ERRAR_TBEM" directorySegmentName="seg_0" id="35FB7FDE-E354-D97E-FC8D-F605DDC19E68">
<createdBy>logonpflocal</createdBy>
<createdTime>2023-04-25 23:09:49 UTC</createdTime>
<ownerDesignName>Projeto_RHSTU_v3_Gabarito</ownerDesignName>
<engineerTo>
<item key="BD52EFD7-AD57-1D29-FBCE-37428351E3D1" value="true"/>
</engineerTo>
<sourcePk>C9383562-2482-D1CA-D657-8C42E5ADB461</sourcePk>
<identifying>false</identifying>
<optionalSource>true</optionalSource>
<optionalTarget>false</optionalTarget>
<sourceCardinality>1</sourceCardinality>
<sourceEntity>18C3E9F2-CCE6-3957-A2DC-B29E7258B98C</sourceEntity>
<targetCardinalityString>*</targetCardinalityString>
<targetEntity>18769CF3-C466-A3B0-D6B2-117C37DD35AC</targetEntity>
<transferable>true</transferable>
<deleteRule>NO ACTION</deleteRule>
</Relation>