<?xml version = '1.0' encoding = 'UTF-8'?>
<Relation class="oracle.dbtools.crest.model.design.logical.Relation" name="FK_RHSTU_UNID_HOSP_END" directorySegmentName="seg_0" id="37A543E5-E7E4-F0F3-EEE2-79E8573E6D9F">
<createdBy>Gustavo Padlipskas</createdBy>
<createdTime>2023-03-25 19:23:17 UTC</createdTime>
<ownerDesignName>Projeto_RHSTU_v3_Gabarito</ownerDesignName>
<engineerTo>
<item key="BD52EFD7-AD57-1D29-FBCE-37428351E3D1" value="true"/>
</engineerTo>
<sourcePk>D6771B1E-419B-D345-0A01-83C5F181A2D9</sourcePk>
<identifying>false</identifying>
<optionalSource>true</optionalSource>
<optionalTarget>false</optionalTarget>
<sourceCardinality>1</sourceCardinality>
<sourceEntity>8A769596-8442-81C5-8E8B-9FFE4C17B2D7</sourceEntity>
<targetCardinalityString>*</targetCardinalityString>
<targetEntity>47C75438-70D2-DF01-1336-9771340E4070</targetEntity>
<transferable>true</transferable>
<deleteRule>NO ACTION</deleteRule>
</Relation>