<?xml version = '1.0' encoding = 'UTF-8'?>
<Relation class="oracle.dbtools.crest.model.design.logical.Relation" name="FKERROTBEM" directorySegmentName="seg_0" id="83BC7EA7-6D03-AC7A-008D-4D367556E642">
<createdBy>logonpflocal</createdBy>
<createdTime>2023-04-25 23:35:15 UTC</createdTime>
<ownerDesignName>Projeto_RHSTU_v3_Gabarito</ownerDesignName>
<engineerTo>
<item key="BD52EFD7-AD57-1D29-FBCE-37428351E3D1" value="true"/>
</engineerTo>
<sourcePk>133B5C8A-AAF5-44C2-7D43-ED6C36112A55</sourcePk>
<identifying>false</identifying>
<optionalSource>true</optionalSource>
<optionalTarget>false</optionalTarget>
<sourceCardinality>1</sourceCardinality>
<sourceEntity>18769CF3-C466-A3B0-D6B2-117C37DD35AC</sourceEntity>
<targetCardinalityString>*</targetCardinalityString>
<targetEntity>3A3A2170-F4E0-B495-5FE5-7434D99D7F9C</targetEntity>
<transferable>true</transferable>
<deleteRule>NO ACTION</deleteRule>
</Relation>