<?xml version = '1.0' encoding = 'UTF-8'?>
<Relation class="oracle.dbtools.crest.model.design.logical.Relation" name="FK_RHSTU_MEDICO_UNID_HOSP" directorySegmentName="seg_0" id="8785455A-8AA1-E96C-081D-C957EC100EDE">
<createdBy>logonpflocal</createdBy>
<createdTime>2023-04-25 22:56:31 UTC</createdTime>
<ownerDesignName>Projeto_RHSTU_v3_Gabarito</ownerDesignName>
<engineerTo>
<item key="BD52EFD7-AD57-1D29-FBCE-37428351E3D1" value="true"/>
</engineerTo>
<sourcePk>FD9A614E-2A07-0EC9-7087-3D872F16B0D2</sourcePk>
<identifying>true</identifying>
<optionalSource>true</optionalSource>
<optionalTarget>false</optionalTarget>
<sourceCardinality>1</sourceCardinality>
<sourceEntity>DA8507DF-B850-4553-0F39-A8F35EA457C5</sourceEntity>
<targetCardinalityString>*</targetCardinalityString>
<targetEntity>18C3E9F2-CCE6-3957-A2DC-B29E7258B98C</targetEntity>
<transferable>true</transferable>
<deleteRule>NO ACTION</deleteRule>
</Relation>