<?xml version = '1.0' encoding = 'UTF-8'?>
<Relation class="oracle.dbtools.crest.model.design.logical.Relation" name="FK_RHSTU_UNID_HOSP_MEDICO" directorySegmentName="seg_0" id="99407896-E6CC-4E96-B839-74A2084EF30F">
<createdBy>logonpflocal</createdBy>
<createdTime>2023-04-25 22:57:17 UTC</createdTime>
<ownerDesignName>Projeto_RHSTU_v3_Gabarito</ownerDesignName>
<engineerTo>
<item key="BD52EFD7-AD57-1D29-FBCE-37428351E3D1" value="true"/>
</engineerTo>
<sourcePk>D6771B1E-419B-D345-0A01-83C5F181A2D9</sourcePk>
<identifying>true</identifying>
<optionalSource>true</optionalSource>
<optionalTarget>false</optionalTarget>
<sourceCardinality>1</sourceCardinality>
<sourceEntity>8A769596-8442-81C5-8E8B-9FFE4C17B2D7</sourceEntity>
<targetCardinalityString>*</targetCardinalityString>
<targetEntity>18C3E9F2-CCE6-3957-A2DC-B29E7258B98C</targetEntity>
<transferable>true</transferable>
<deleteRule>NO ACTION</deleteRule>
</Relation>