<?xml version = '1.0' encoding = 'UTF-8'?>
<Relation class="oracle.dbtools.crest.model.design.logical.Relation" name="FK_RHSTU_DEIXAERRAR" directorySegmentName="seg_0" id="D4E7F7BD-CBA3-AB94-F7D9-A5965B371B91">
<createdBy>logonpflocal</createdBy>
<createdTime>2023-04-25 23:33:06 UTC</createdTime>
<ownerDesignName>Projeto_RHSTU_v3_Gabarito</ownerDesignName>
<engineerTo>
<item key="BD52EFD7-AD57-1D29-FBCE-37428351E3D1" value="true"/>
</engineerTo>
<sourcePk>58CF29E3-2568-E679-6261-0106D51B84E8</sourcePk>
<identifying>false</identifying>
<optionalSource>true</optionalSource>
<optionalTarget>true</optionalTarget>
<sourceCardinality>1</sourceCardinality>
<sourceEntity>8AC7DE7A-2691-50B2-B820-EE581E007258</sourceEntity>
<targetCardinalityString>*</targetCardinalityString>
<targetEntity>3A3A2170-F4E0-B495-5FE5-7434D99D7F9C</targetEntity>
<transferable>true</transferable>
<deleteRule>NO ACTION</deleteRule>
</Relation>