<?xml version = '1.0' encoding = 'UTF-8'?>
<Relation class="oracle.dbtools.crest.model.design.logical.Relation" name="FK_RHSTU_PS_PAC" directorySegmentName="seg_0" id="E336AA27-F52F-FF06-C9D1-54A08A0B312F">
<createdBy>Gustavo Padlipskas</createdBy>
<createdTime>2023-04-06 13:52:52 UTC</createdTime>
<ownerDesignName>Projeto_RHSTU_v3_Gabarito</ownerDesignName>
<engineerTo>
<item key="BD52EFD7-AD57-1D29-FBCE-37428351E3D1" value="true"/>
</engineerTo>
<sourcePk>CBF6D8E3-DFBC-EA59-720E-8A44FCBDD738</sourcePk>
<identifying>false</identifying>
<optionalSource>true</optionalSource>
<optionalTarget>false</optionalTarget>
<sourceCardinality>1</sourceCardinality>
<sourceEntity>864C229A-3313-20B9-772E-44B9A71B130D</sourceEntity>
<targetCardinalityString>*</targetCardinalityString>
<targetEntity>8CEFD8F1-85D7-C262-05F2-A8DFF9A8B2DA</targetEntity>
<transferable>true</transferable>
<deleteRule>NO ACTION</deleteRule>
</Relation>