<?xml version = '1.0' encoding = 'UTF-8'?>
<Relation class="oracle.dbtools.crest.model.design.logical.Relation" name="VOU_ERRAR_NO_CKP" directorySegmentName="seg_0" id="E3F54BF6-6525-6B71-2D08-F3FA424A03F1">
<createdBy>logonpflocal</createdBy>
<createdTime>2023-04-25 23:07:35 UTC</createdTime>
<ownerDesignName>Projeto_RHSTU_v3_Gabarito</ownerDesignName>
<engineerTo>
<item key="BD52EFD7-AD57-1D29-FBCE-37428351E3D1" value="true"/>
</engineerTo>
<sourcePk>6E644410-7AD5-C7FC-2576-8D927C238CC0</sourcePk>
<identifying>false</identifying>
<optionalSource>true</optionalSource>
<optionalTarget>false</optionalTarget>
<sourceCardinality>1</sourceCardinality>
<sourceEntity>506DDC9A-FC9E-D13D-7FAD-ED571E3AEA46</sourceEntity>
<targetCardinalityString>*</targetCardinalityString>
<targetEntity>18769CF3-C466-A3B0-D6B2-117C37DD35AC</targetEntity>
<transferable>true</transferable>
<deleteRule>NO ACTION</deleteRule>
</Relation>