<?xml version = '1.0' encoding = 'UTF-8'?>
<Relation class="oracle.dbtools.crest.model.design.logical.Relation" name="FKPALMEIRASNAOTEMMUNDIAL" directorySegmentName="seg_0" id="FE185C42-690A-3D64-A7FE-15570799E992">
<createdBy>logonpflocal</createdBy>
<createdTime>2023-04-25 23:33:47 UTC</createdTime>
<ownerDesignName>Projeto_RHSTU_v3_Gabarito</ownerDesignName>
<engineerTo>
<item key="BD52EFD7-AD57-1D29-FBCE-37428351E3D1" value="true"/>
</engineerTo>
<sourcePk>6D852514-5823-02C2-5760-0D1D796B728C</sourcePk>
<identifying>false</identifying>
<optionalSource>true</optionalSource>
<optionalTarget>true</optionalTarget>
<sourceCardinality>1</sourceCardinality>
<sourceEntity>8CEFD8F1-85D7-C262-05F2-A8DFF9A8B2DA</sourceEntity>
<targetCardinalityString>*</targetCardinalityString>
<targetEntity>3A3A2170-F4E0-B495-5FE5-7434D99D7F9C</targetEntity>
<transferable>true</transferable>
<deleteRule>NO ACTION</deleteRule>
</Relation>